# Metadata-only catalog; no scripture bodies are stored.
# Source: https://www.daorenjia.com/
# site_checked reflects the site's own /yjd list, not independent review.
group	category	title	url	site_checked
三洞真经	三洞经教	太上大道玉清经	https://www.daorenjia.com/daozang11-407	no
三洞真经	三洞经教	元始应变历化经	https://www.daorenjia.com/daozang11-408	no
三洞真经	三洞经教	太上灵宝元阳妙经	https://www.daorenjia.com/daozang11-409	no
三洞真经	三洞经教	太上元阳经(敦煌本)	https://www.daorenjia.com/daozang11-410	no
三洞真经	三洞经教	洞玄灵宝上师说救护身命经	https://www.daorenjia.com/daozang11-411	no
三洞真经	三洞经教	太上妙法本相经	https://www.daorenjia.com/daozang11-412	no
三洞真经	三洞经教	太上妙法本相经(敦煌本)	https://www.daorenjia.com/daozang11-413	no
三洞真经	三洞经教	洞玄灵宝本相运度劫期经	https://www.daorenjia.com/daozang11-414	no
三洞真经	三洞经教	太上中道妙法莲华经	https://www.daorenjia.com/daozang11-415	yes
三洞真经	三洞经教	太上济众经(敦煌本)	https://www.daorenjia.com/daozang11-416	no
三洞真经	三洞经教	太上洞玄济众经	https://www.daorenjia.com/daozang11-417	no
三洞真经	三洞经教	太上洞玄灵宝升玄内教经(敦煌本)	https://www.daorenjia.com/daozang11-418	no
三洞真经	三洞经教	太上洞玄灵宝宣戒首悔众罪保护经	https://www.daorenjia.com/daozang11-419	no
三洞真经	三洞经教	太上灵宝升玄内教经中和品述义疏	https://www.daorenjia.com/daozang11-420	no
三洞真经	三洞经教	太上洞玄灵宝中和经	https://www.daorenjia.com/daozang11-421	no
三洞真经	三洞经教	太上升玄三一融神变化妙经	https://www.daorenjia.com/daozang11-422	no
三洞真经	三洞经教	洞玄灵宝玄一真人说生死轮转因缘经	https://www.daorenjia.com/daozang11-423	no
三洞真经	三洞经教	太上洞玄灵宝业报因缘经	https://www.daorenjia.com/daozang11-424	no
三洞真经	三洞经教	太玄真一本际妙经	https://www.daorenjia.com/daozang11-425	no
三洞真经	三洞经教	太玄真一本际经(敦煌本)	https://www.daorenjia.com/daozang11-426	no
三洞真经	三洞经教	太玄真一三善行法发愿经	https://www.daorenjia.com/daozang11-427	no
三洞真经	三洞经教	元始洞真决疑经	https://www.daorenjia.com/daozang11-428	no
三洞真经	三洞经教	太上洞玄灵宝开演秘密藏经	https://www.daorenjia.com/daozang11-429	no
三洞真经	三洞经教	太上一乘海空智藏经	https://www.daorenjia.com/daozang11-430	no
三洞真经	三洞经教	太上三十六部尊经	https://www.daorenjia.com/daozang11-431	yes
三洞真经	三洞经教	太上虚皇天尊四十九章经	https://www.daorenjia.com/daozang11-432	yes
三洞真经	三洞经教	无上内秘真藏经	https://www.daorenjia.com/daozang11-433	no
三洞真经	三洞经教	真藏经要诀	https://www.daorenjia.com/daozang11-434	no
三洞真经	三洞经教	大乘妙林经	https://www.daorenjia.com/daozang11-435	no
三洞真经	三洞经教	无上大乘要诀妙经	https://www.daorenjia.com/daozang11-436	no
三洞真经	三洞经教	洞玄灵宝左玄论	https://www.daorenjia.com/daozang11-437	no
三洞真经	三洞经教	灵宝经义疏(拟)	https://www.daorenjia.com/daozang11-438	no
三洞真经	三洞经教	道德义渊(拟)	https://www.daorenjia.com/daozang11-439	no
三洞真经	三洞经教	洞玄灵宝玄门大义	https://www.daorenjia.com/daozang11-440	no
三洞真经	三洞经教	三洞神符记	https://www.daorenjia.com/daozang11-441	no
三洞真经	三洞经教	道教义枢	https://www.daorenjia.com/daozang11-442	no
三洞真经	三洞经教	道门经法相承次序	https://www.daorenjia.com/daozang11-443	yes
三洞真经	三洞经教	一切道经序	https://www.daorenjia.com/daozang11-444	yes
三洞真经	三洞经教	一切道经音义妙门由起	https://www.daorenjia.com/daozang11-445	no
三洞真经	三洞经教	太上老君说常清静妙经	https://www.daorenjia.com/daozang11-446	yes
三洞真经	三洞经教	太上老君说常清静经注(杜光庭)	https://www.daorenjia.com/daozang11-447	yes
三洞真经	三洞经教	太上老君说常清静经注(无名氏)	https://www.daorenjia.com/daozang11-448	yes
三洞真经	三洞经教	太上老君说常清静经注(侯善渊)	https://www.daorenjia.com/daozang11-449	yes
三洞真经	三洞经教	太上老君说常清静经颂注(刘通微)	https://www.daorenjia.com/daozang11-450	yes
三洞真经	三洞经教	太上老君说常清静经注(李道纯)	https://www.daorenjia.com/daozang11-451	yes
三洞真经	三洞经教	太上老君说常清静经注(王元晖)	https://www.daorenjia.com/daozang11-452	yes
三洞真经	三洞经教	太上老君说常清静妙经纂图解注(王玠)	https://www.daorenjia.com/daozang11-453	yes
三洞真经	三洞经教	太上老君清静心经	https://www.daorenjia.com/daozang11-454	yes
三洞真经	三洞经教	太上老君内观经	https://www.daorenjia.com/daozang11-455	yes
三洞真经	三洞经教	太上老君说了心经	https://www.daorenjia.com/daozang11-456	yes
三洞真经	三洞经教	太上玄都妙本清静身心经	https://www.daorenjia.com/daozang11-457	yes
三洞真经	三洞经教	太上灵宝洗浴身心经(敦煌本)	https://www.daorenjia.com/daozang11-458	yes
三洞真经	三洞经教	太上灵宝智慧观身经	https://www.daorenjia.com/daozang11-459	yes
三洞真经	三洞经教	太上洞玄灵宝观妙经	https://www.daorenjia.com/daozang11-460	yes
三洞真经	三洞经教	洞玄灵宝定观经注(冷虚子)	https://www.daorenjia.com/daozang11-461	yes
三洞真经	三洞经教	太上洞玄灵宝天尊说大通经	https://www.daorenjia.com/daozang11-462	yes
三洞真经	三洞经教	太上大通经注(李道纯)	https://www.daorenjia.com/daozang11-463	yes
三洞真经	三洞经教	太上升玄消灾护命妙经	https://www.daorenjia.com/daozang11-464	yes
三洞真经	三洞经教	太上升玄消灾护命妙经颂(司马承祯)	https://www.daorenjia.com/daozang11-465	yes
三洞真经	三洞经教	太上升玄消灾护命妙经注(李道纯)	https://www.daorenjia.com/daozang11-466	yes
三洞真经	三洞经教	太上升玄说消灾护命妙经注(王玠)	https://www.daorenjia.com/daozang11-467	yes
三洞真经	三洞经教	元始天尊说得道了身经	https://www.daorenjia.com/daozang11-468	yes
三洞真经	三洞经教	元始天尊说生天得道经	https://www.daorenjia.com/daozang11-469	yes
三洞真经	三洞经教	生天经颂解(王吉昌)	https://www.daorenjia.com/daozang11-470	yes
三洞真经	三洞经教	元始天尊说太古经注(长筌子)	https://www.daorenjia.com/daozang11-471	yes
三洞真经	三洞经教	太上赤文洞古经注(长筌子)	https://www.daorenjia.com/daozang11-472	yes
三洞真经	三洞经教	无上赤文洞古真经注(李道纯)	https://www.daorenjia.com/daozang11-473	yes
三洞真经	三洞经教	老子说罪福大报应经(敦煌本)	https://www.daorenjia.com/daozang11-474	yes
三洞真经	三洞经教	老子玄通经(敦煌本)	https://www.daorenjia.com/daozang11-475	no
三洞真经	三洞经教	老子十方像名经(敦煌本)	https://www.daorenjia.com/daozang11-476	yes
三洞真经	三洞经教	老子像名经	https://www.daorenjia.com/daozang11-477	yes
三洞真经	三洞经教	太上说轮转五道宿命因缘经	https://www.daorenjia.com/daozang11-478	yes
三洞真经	三洞经教	太上清静元洞真文玉字妙经	https://www.daorenjia.com/daozang11-479	yes
三洞真经	三洞经教	太上老君说报父母恩重经	https://www.daorenjia.com/daozang11-480	yes
三洞真经	三洞经教	太上真一报父母恩重经	https://www.daorenjia.com/daozang11-481	yes
三洞真经	三洞经教	太上老君说益算神符妙经	https://www.daorenjia.com/daozang11-482	yes
三洞真经	三洞经教	太上老君说长生益算妙经	https://www.daorenjia.com/daozang11-483	yes
三洞真经	三洞经教	太上老君说上七灭罪集福妙经	https://www.daorenjia.com/daozang11-484	yes
三洞真经	三洞经教	太上老君说消灾经	https://www.daorenjia.com/daozang11-485	yes
三洞真经	三洞经教	太上老君说解释咒诅经	https://www.daorenjia.com/daozang11-486	yes
三洞真经	三洞经教	太上老君说安宅八阳经	https://www.daorenjia.com/daozang11-487	yes
三洞真经	三洞经教	太上老君说补谢八阳经	https://www.daorenjia.com/daozang11-488	yes
三洞真经	三洞经教	太上老君玄妙枕中内德神咒经	https://www.daorenjia.com/daozang11-489	yes
三洞真经	三洞经教	太上老君说救生真经	https://www.daorenjia.com/daozang11-490	yes
三洞真经	三洞经教	太上说十炼生神救护经	https://www.daorenjia.com/daozang11-491	yes
三洞真经	三洞经教	太上太清天童护命妙经	https://www.daorenjia.com/daozang11-492	yes
三洞真经	三洞经教	太上太清天童护命妙经注	https://www.daorenjia.com/daozang11-493	yes
三洞真经	三洞经教	太上泰清皇老帝君运雷天童隐梵仙经	https://www.daorenjia.com/daozang11-494	yes
三洞真经	三洞经教	太上九真妙戒金箓度命拔罪妙经	https://www.daorenjia.com/daozang11-495	yes
三洞真经	三洞经教	太上说九幽拔罪心印妙经	https://www.daorenjia.com/daozang11-496	yes
三洞真经	三洞经教	元始天王欢乐经	https://www.daorenjia.com/daozang11-497	yes
三洞真经	三洞经教	太上洞真五星秘授经	https://www.daorenjia.com/daozang11-498	yes
三洞真经	三洞经教	元始天尊说十一曜大消灾神咒经	https://www.daorenjia.com/daozang11-499	yes
三洞真经	三洞经教	太上说六甲直符保胎护命妙经	https://www.daorenjia.com/daozang11-500	yes
三洞真经	三洞经教	太上元始天尊说金光明经	https://www.daorenjia.com/daozang11-501	yes
三洞真经	三洞经教	元始天尊说甘露升天神咒妙经	https://www.daorenjia.com/daozang11-502	yes
三洞真经	三洞经教	元始说功德法食往生经	https://www.daorenjia.com/daozang11-503	yes
三洞真经	三洞经教	太上元始天尊证果真经	https://www.daorenjia.com/daozang11-504	yes
三洞真经	三洞经教	太上元始天尊说续命妙经	https://www.daorenjia.com/daozang11-505	yes
三洞真经	三洞经教	元始天尊济度血湖真经	https://www.daorenjia.com/daozang11-506	yes
三洞真经	三洞经教	元始天尊说酆都灭罪经	https://www.daorenjia.com/daozang11-507	yes
三洞真经	三洞经教	太上说酆都拔苦愈乐妙经	https://www.daorenjia.com/daozang11-508	yes
三洞真经	三洞经教	太上九天延祥涤厄四圣妙经	https://www.daorenjia.com/daozang11-509	yes
三洞真经	三洞经教	太上护国祈雨消魔经	https://www.daorenjia.com/daozang11-510	yes
三洞真经	三洞经教	太上元始天尊说大雨龙王经	https://www.daorenjia.com/daozang11-511	yes
三洞真经	三洞经教	太上长生延寿集福德经	https://www.daorenjia.com/daozang11-512	yes
三洞真经	三洞经教	三光注龄资福延寿妙经	https://www.daorenjia.com/daozang11-513	yes
三洞真经	三洞经教	太上神咒延寿妙经	https://www.daorenjia.com/daozang11-514	yes
三洞真经	三洞经教	太上道君说解冤拔度妙经	https://www.daorenjia.com/daozang11-515	yes
三洞真经	三洞经教	太上说通真高皇解冤经	https://www.daorenjia.com/daozang11-516	yes
三洞真经	三洞经教	太上洞神天公消魔护国经	https://www.daorenjia.com/daozang11-517	yes
三洞真经	三洞经教	太上洞神五星诸宿日月混常经	https://www.daorenjia.com/daozang11-518	yes
三洞真经	三洞经教	太上洞神三元妙本福寿真经	https://www.daorenjia.com/daozang11-519	yes
三洞真经	三洞经教	太上虚皇保生神咒经	https://www.daorenjia.com/daozang11-520	yes
三洞真经	三洞经教	太上七星神咒经	https://www.daorenjia.com/daozang11-521	yes
三洞真经	三洞经教	太上金华天尊救劫护命妙经	https://www.daorenjia.com/daozang11-522	yes
三洞真经	三洞经教	太上玉华洞章拔亡度世升仙妙经	https://www.daorenjia.com/daozang11-523	yes
三洞真经	三洞经教	元始天尊说三官宝号经	https://www.daorenjia.com/daozang11-524	yes
三洞真经	三洞经教	太上三元赐福赦罪解厄消灾延生保命妙经	https://www.daorenjia.com/daozang11-525	yes
三洞真经	三洞经教	元始天尊说东岳化身济生度死拔罪解冤保命玄范诰咒妙经	https://www.daorenjia.com/daozang11-526	yes
三洞真经	三洞经教	碧霞元君护国庇民普济保生妙经	https://www.daorenjia.com/daozang11-527	no
三洞真经	三洞经教	太上老君说天妃救苦灵验经	https://www.daorenjia.com/daozang11-528	yes
三洞真经	三洞经教	太上老君说城隍感应消灾集福妙经	https://www.daorenjia.com/daozang11-529	yes
三洞真经	三洞经教	太上大圣朗灵上将护国妙经	https://www.daorenjia.com/daozang11-530	yes
三洞真经	三洞经教	元始天尊说药王救八十一难经	https://www.daorenjia.com/daozang11-531	yes
三洞真经	三洞经教	大惠静慈妙乐天尊说福德五圣经	https://www.daorenjia.com/daozang11-532	no
三洞真经	三洞经教	高上玉皇本行集经	https://www.daorenjia.com/daozang11-533	yes
三洞真经	三洞经教	高上玉皇本行集经(张良校释本)	https://www.daorenjia.com/daozang11-534	yes
三洞真经	三洞经教	高上玉皇本行经髓	https://www.daorenjia.com/daozang11-535	yes
三洞真经	三洞经教	高上玉皇心印经	https://www.daorenjia.com/daozang11-536	yes
三洞真经	三洞经教	高上玉皇本行经集注	https://www.daorenjia.com/daozang11-537	no
三洞真经	三洞经教	太上无极总真文昌大洞仙经	https://www.daorenjia.com/daozang11-538	yes
三洞真经	三洞经教	玉清无极总真文昌大洞仙经注	https://www.daorenjia.com/daozang11-539	no
三洞真经	三洞经教	大洞经吉祥神咒法	https://www.daorenjia.com/daozang11-540	yes
三洞真经	三洞经教	元始天尊说梓潼帝君应验经	https://www.daorenjia.com/daozang11-541	yes
三洞真经	三洞经教	元始天尊说梓潼帝君本愿经	https://www.daorenjia.com/daozang11-542	no
三洞真经	三洞经教	梓潼帝君化书	https://www.daorenjia.com/daozang11-543	no
三洞真经	三洞经教	清河内传	https://www.daorenjia.com/daozang11-544	no
三洞真经	三洞经教	高上大洞文昌司禄紫阳宝箓	https://www.daorenjia.com/daozang11-545	no
三洞真经	三洞经教	太上老君说五斗金章受生经	https://www.daorenjia.com/daozang11-546	yes
三洞真经	三洞经教	太上玄灵北斗本命延生真经	https://www.daorenjia.com/daozang11-547	yes
三洞真经	三洞经教	太上玄灵北斗本命长生妙经	https://www.daorenjia.com/daozang11-548	yes
三洞真经	三洞经教	太上说南斗六司延寿度人妙经	https://www.daorenjia.com/daozang11-549	yes
三洞真经	三洞经教	太上说东斗主算护命妙经	https://www.daorenjia.com/daozang11-550	yes
三洞真经	三洞经教	太上说西斗记名护身妙经	https://www.daorenjia.com/daozang11-551	yes
三洞真经	三洞经教	太上说中斗大魁保命妙经	https://www.daorenjia.com/daozang11-552	yes
三洞真经	三洞经教	太上说中斗大魁掌算伏魔神咒经	https://www.daorenjia.com/daozang11-553	yes
三洞真经	三洞经教	太上玄灵北斗本命延生经注（傅洞真）	https://www.daorenjia.com/daozang11-554	yes
三洞真经	三洞经教	太上玄灵北斗本命延生真经注（徐道龄）	https://www.daorenjia.com/daozang11-555	yes
三洞真经	三洞经教	太上玄灵北斗本命延生真经注解(玄元真人)	https://www.daorenjia.com/daozang11-556	yes
三洞真经	三洞经教	太上北斗二十八章经	https://www.daorenjia.com/daozang11-557	yes
三洞真经	三洞经教	北斗七元金玄羽章	https://www.daorenjia.com/daozang11-558	yes
三洞真经	三洞经教	北斗七元金玄羽章(无符咒本)	https://www.daorenjia.com/daozang11-559	yes
三洞真经	三洞经教	太上玄灵斗姆大圣元君本命延生心经	https://www.daorenjia.com/daozang11-560	yes
三洞真经	三洞经教	先天斗母奏告玄科	https://www.daorenjia.com/daozang11-561	no
三洞真经	三洞经教	玉清无上灵宝自然北斗本生真经	https://www.daorenjia.com/daozang11-562	yes
三洞真经	三洞经教	玉清元始玄黄九光真经	https://www.daorenjia.com/daozang11-563	yes
三洞真经	三洞经教	玉清胎元内养真经	https://www.daorenjia.com/daozang11-564	yes
三洞真经	三洞经教	玉清无上内景真经	https://www.daorenjia.com/daozang11-565	no
三洞真经	三洞经教	太上内丹守一真定经	https://www.daorenjia.com/daozang11-566	yes
三洞真经	三洞经教	元始八威龙文经	https://www.daorenjia.com/daozang11-567	yes
三洞真经	三洞经教	灵宝五经提纲	https://www.daorenjia.com/daozang11-568	yes
三洞真经	洞玄灵宝经	元始五老赤书玉篇真文天书经	https://www.daorenjia.com/daozang9-267	yes
三洞真经	洞玄灵宝经	太上洞玄灵宝赤书玉诀妙经	https://www.daorenjia.com/daozang9-268	yes
三洞真经	洞玄灵宝经	洞玄灵宝五老摄召北酆鬼魔赤书玉诀	https://www.daorenjia.com/daozang9-269	no
三洞真经	洞玄灵宝经	洞玄灵宝丹水飞术运度小劫妙经	https://www.daorenjia.com/daozang9-270	yes
三洞真经	洞玄灵宝经	太上洞玄灵宝天地运度自然妙经	https://www.daorenjia.com/daozang9-271	yes
三洞真经	洞玄灵宝经	太上洞玄灵宝空洞灵章经(敦煌本)	https://www.daorenjia.com/daozang9-272	yes
三洞真经	洞玄灵宝经	洞玄灵宝玉京山步虚经	https://www.daorenjia.com/daozang9-273	yes
三洞真经	洞玄灵宝经	洞玄灵宝升玄步虚章序疏	https://www.daorenjia.com/daozang9-274	yes
三洞真经	洞玄灵宝经	洞玄灵宝自然九天生神章经	https://www.daorenjia.com/daozang9-275	yes
三洞真经	洞玄灵宝经	灵宝自然九天生神三宝大有金书	https://www.daorenjia.com/daozang9-276	yes
三洞真经	洞玄灵宝经	洞玄灵宝自然九天生神玉章经解	https://www.daorenjia.com/daozang9-277	yes
三洞真经	洞玄灵宝经	洞玄灵宝自然九天生神玉章经解义	https://www.daorenjia.com/daozang9-278	no
三洞真经	洞玄灵宝经	洞玄灵宝自然九天生神玉章经注	https://www.daorenjia.com/daozang9-279	no
三洞真经	洞玄灵宝经	太上无极大道自然真一五称符上经	https://www.daorenjia.com/daozang9-280	yes
三洞真经	洞玄灵宝经	太上洞玄灵宝诸天内音自然玉字	https://www.daorenjia.com/daozang9-281	yes
三洞真经	洞玄灵宝经	太上洞玄灵宝八威召龙妙经	https://www.daorenjia.com/daozang9-282	no
三洞真经	洞玄灵宝经	太上洞玄灵宝智慧罪根上品大戒经	https://www.daorenjia.com/daozang9-283	no
三洞真经	洞玄灵宝经	太上洞玄灵宝智慧上品大戒经	https://www.daorenjia.com/daozang9-284	no
三洞真经	洞玄灵宝经	太上洞玄灵宝上品戒经	https://www.daorenjia.com/daozang9-285	no
三洞真经	洞玄灵宝经	洞玄灵宝玉箓简文三元威仪自然真经	https://www.daorenjia.com/daozang9-286	no
三洞真经	洞玄灵宝经	太上洞玄灵宝下元黄录简文威仪经(敦煌本)	https://www.daorenjia.com/daozang9-287	no
三洞真经	洞玄灵宝经	洞玄灵宝长夜之府九幽玉匮明真科	https://www.daorenjia.com/daozang9-288	no
三洞真经	洞玄灵宝经	太上洞玄灵宝智慧定志通微经	https://www.daorenjia.com/daozang9-289	no
三洞真经	洞玄灵宝经	太上洞玄灵宝真文度人本行妙经(敦煌本)	https://www.daorenjia.com/daozang9-290	no
三洞真经	洞玄灵宝经	太上洞玄灵宝真一劝诫法轮妙经(四种)	https://www.daorenjia.com/daozang9-291	no
三洞真经	洞玄灵宝经	太上洞玄灵宝元始无量度人上品妙经(敦煌本)	https://www.daorenjia.com/daozang9-292	yes
三洞真经	洞玄灵宝经	云篆度人妙经	https://www.daorenjia.com/daozang9-293	no
三洞真经	洞玄灵宝经	洞玄灵宝度人经大梵隐语疏义	https://www.daorenjia.com/daozang9-294	no
三洞真经	洞玄灵宝经	洞玄灵宝无量度人经诀音义	https://www.daorenjia.com/daozang9-295	no
三洞真经	洞玄灵宝经	元始无量度人上品妙经四注	https://www.daorenjia.com/daozang9-296	no
三洞真经	洞玄灵宝经	灵宝度人上品妙经旁通图	https://www.daorenjia.com/daozang9-297	no
三洞真经	洞玄灵宝经	太上洞玄灵宝无量度人上品经法	https://www.daorenjia.com/daozang9-298	no
三洞真经	洞玄灵宝经	灵宝无量度人上品妙经符图	https://www.daorenjia.com/daozang9-299	no
三洞真经	洞玄灵宝经	元始无量度人上品妙经注	https://www.daorenjia.com/daozang9-300	no
三洞真经	洞玄灵宝经	元始无量度人上品妙经内义	https://www.daorenjia.com/daozang9-301	no
三洞真经	洞玄灵宝经	太上洞玄灵宝无量度人上品妙经	https://www.daorenjia.com/daozang9-302	no
三洞真经	洞玄灵宝经	元始无量度人上品妙经注解	https://www.daorenjia.com/daozang9-303	no
三洞真经	洞玄灵宝经	元始无量度人上品妙经通义	https://www.daorenjia.com/daozang9-304	no
三洞真经	洞玄灵宝经	太上洞玄灵宝诸天灵书度命妙经	https://www.daorenjia.com/daozang9-305	no
三洞真经	洞玄灵宝经	诸天灵书度命妙经义疏	https://www.daorenjia.com/daozang9-306	no
三洞真经	洞玄灵宝经	太上洞玄灵宝灭度五炼生尸妙经	https://www.daorenjia.com/daozang9-307	no
三洞真经	洞玄灵宝经	灵宝炼度五仙安灵镇神黄缯章法	https://www.daorenjia.com/daozang9-308	no
三洞真经	洞玄灵宝经	太上洞玄灵宝三元品戒功德轻重经	https://www.daorenjia.com/daozang9-309	no
三洞真经	洞玄灵宝经	太上大道三元品戒谢罪上法	https://www.daorenjia.com/daozang9-310	no
三洞真经	洞玄灵宝经	太上太玄女青三元品诫拔罪妙经	https://www.daorenjia.com/daozang9-311	no
三洞真经	洞玄灵宝经	太上洞玄灵宝宿命因缘明经	https://www.daorenjia.com/daozang9-312	no
三洞真经	洞玄灵宝经	太上洞玄灵宝导引三光妙经	https://www.daorenjia.com/daozang9-313	no
三洞真经	洞玄灵宝经	洞玄灵宝二十四生图经	https://www.daorenjia.com/daozang9-314	no
三洞真经	洞玄灵宝经	太上洞玄灵宝飞行三界通微内思妙经	https://www.daorenjia.com/daozang9-315	no
三洞真经	洞玄灵宝经	太上洞玄灵宝芝草品	https://www.daorenjia.com/daozang9-316	no
三洞真经	洞玄灵宝经	元始天尊说变化空洞妙经	https://www.daorenjia.com/daozang9-317	no
三洞真经	洞玄灵宝经	太上洞玄灵宝五符序	https://www.daorenjia.com/daozang9-318	no
三洞真经	洞玄灵宝经	上清太极隐注玉经宝诀	https://www.daorenjia.com/daozang9-319	no
三洞真经	洞玄灵宝经	太上洞玄灵宝真文要解上经	https://www.daorenjia.com/daozang9-320	no
三洞真经	洞玄灵宝经	太上灵宝威仪洞玄真一自然经诀(敦煌本)	https://www.daorenjia.com/daozang9-321	no
三洞真经	洞玄灵宝经	太极真人敷灵宝斋戒威仪诸经要诀	https://www.daorenjia.com/daozang9-322	no
三洞真经	洞玄灵宝经	太上洞玄灵宝安志智慧本愿大戒上品经	https://www.daorenjia.com/daozang9-323	no
三洞真经	洞玄灵宝经	太极左仙公请问经(包含太上洞玄灵宝本行宿缘经)	https://www.daorenjia.com/daozang9-324	no
三洞真经	洞玄灵宝经	仙人请问本行因缘众圣难经(敦煌本)	https://www.daorenjia.com/daozang9-325	yes
三洞真经	洞玄灵宝经	太上洞玄灵宝本行因缘经	https://www.daorenjia.com/daozang9-326	yes
三洞真经	洞玄灵宝经	太极真人问功德行业经(敦煌本)	https://www.daorenjia.com/daozang9-327	yes
三洞真经	洞玄灵宝经	太上洞玄灵宝众篇序经(敦煌本)	https://www.daorenjia.com/daozang9-328	no
三洞真经	洞玄灵宝经	洞玄灵宝诸天世界造化经	https://www.daorenjia.com/daozang9-329	no
三洞真经	洞玄灵宝经	太上洞玄灵宝天关经	https://www.daorenjia.com/daozang9-330	no
三洞真经	洞玄灵宝经	太上洞玄灵宝诫业本行上品妙经	https://www.daorenjia.com/daozang9-331	no
三洞真经	洞玄灵宝经	太上洞玄灵宝三元无量寿经	https://www.daorenjia.com/daozang9-332	no
三洞真经	洞玄灵宝经	太上洞玄灵宝三元玉京玄都大献经	https://www.daorenjia.com/daozang9-333	no
三洞真经	洞玄灵宝经	洞玄灵宝九真人五复三归行道观门经	https://www.daorenjia.com/daozang9-334	no
三洞真经	洞玄灵宝经	太上洞玄灵宝净供妙经	https://www.daorenjia.com/daozang9-335	no
三洞真经	洞玄灵宝经	洞玄灵宝太上六斋十直圣纪经	https://www.daorenjia.com/daozang9-336	no
三洞真经	洞玄灵宝经	太上洞玄灵宝福日妙经	https://www.daorenjia.com/daozang9-337	no
三洞真经	洞玄灵宝经	太极真人说二十四门戒经	https://www.daorenjia.com/daozang9-338	no
三洞真经	洞玄灵宝经	太上十二上品飞天法轮劝戒妙经	https://www.daorenjia.com/daozang9-339	no
三洞真经	洞玄灵宝经	太上洞玄灵宝净土生神经(敦煌本)	https://www.daorenjia.com/daozang9-340	no
三洞真经	洞玄灵宝经	洞玄灵宝太上真人问疾经	https://www.daorenjia.com/daozang9-341	no
三洞真经	洞玄灵宝经	太上洞玄灵宝十号功德因缘妙经	https://www.daorenjia.com/daozang9-342	no
三洞真经	洞玄灵宝经	太上洞玄灵宝三十二天天尊应号经	https://www.daorenjia.com/daozang9-343	no
三洞真经	洞玄灵宝经	太上灵宝洪福灭罪像名经	https://www.daorenjia.com/daozang9-344	no
三洞真经	洞玄灵宝经	太上洞玄灵宝天尊名(敦煌本)	https://www.daorenjia.com/daozang9-345	no
三洞真经	洞玄灵宝经	太上洞真贤门经	https://www.daorenjia.com/daozang9-346	no
三洞真经	洞玄灵宝经	太上洞玄灵宝出家因缘经	https://www.daorenjia.com/daozang9-347	no
三洞真经	洞玄灵宝经	太上洞玄灵宝转神度命经	https://www.daorenjia.com/daozang9-348	no
三洞真经	洞玄灵宝经	太上洞玄灵宝十师度人妙经	https://www.daorenjia.com/daozang9-349	no
三洞真经	洞玄灵宝经	太上洞玄灵宝国王行道经	https://www.daorenjia.com/daozang9-350	no
三洞真经	洞玄灵宝经	太上洞玄灵宝太玄普慈劝世经	https://www.daorenjia.com/daozang9-351	no
三洞真经	洞玄灵宝经	灵宝天尊说禄库受生经	https://www.daorenjia.com/daozang9-352	yes
三洞真经	洞玄灵宝经	太上洞玄灵宝护诸童子经	https://www.daorenjia.com/daozang9-353	no
三洞真经	洞玄灵宝经	太上洞玄灵宝四方大愿经	https://www.daorenjia.com/daozang9-354	no
三洞真经	洞玄灵宝经	太清五十八愿文	https://www.daorenjia.com/daozang9-355	no
三洞真经	洞玄灵宝经	太上洞玄灵宝三途五苦拔度生妙经	https://www.daorenjia.com/daozang9-356	no
三洞真经	洞玄灵宝经	太上洞玄灵宝往生救苦妙经	https://www.daorenjia.com/daozang9-357	yes
三洞真经	洞玄灵宝经	天尊说随愿往生罪福报对次说预修科文妙经(敦煌本)	https://www.daorenjia.com/daozang9-358	no
三洞真经	洞玄灵宝经	太上洞玄灵宝天尊说济苦经	https://www.daorenjia.com/daozang9-359	no
三洞真经	洞玄灵宝经	灵真戒拔除生济苦经(敦煌本)	https://www.daorenjia.com/daozang9-360	no
三洞真经	洞玄灵宝经	太上洞玄灵宝救苦妙经	https://www.daorenjia.com/daozang9-361	yes
三洞真经	洞玄灵宝经	太上洞玄灵宝天尊说救苦妙经注解	https://www.daorenjia.com/daozang9-362	no
三洞真经	洞玄灵宝经	太一救苦护身妙经	https://www.daorenjia.com/daozang9-363	no
三洞真经	洞玄灵宝经	太上救苦天尊说消衍灭罪经	https://www.daorenjia.com/daozang9-364	no
三洞真经	洞玄灵宝经	太上三生解冤妙经	https://www.daorenjia.com/daozang9-365	yes
三洞真经	洞玄灵宝经	太上洞玄灵宝五显观华光本行妙经	https://www.daorenjia.com/daozang9-366	no
三洞真经	洞玄灵宝经	太上灵宝天尊说禳灾度厄经	https://www.daorenjia.com/daozang9-367	no
三洞真经	洞玄灵宝经	太上灵宝天尊说延寿妙经	https://www.daorenjia.com/daozang9-368	no
三洞真经	洞玄灵宝经	太上洞玄灵宝消禳火灾经	https://www.daorenjia.com/daozang9-369	no
三洞真经	洞玄灵宝经	太上洞玄灵宝天尊说养蚕营种经	https://www.daorenjia.com/daozang9-370	no
三洞真经	洞玄灵宝经	太上说利益蚕王妙经	https://www.daorenjia.com/daozang9-371	no
三洞真经	洞玄灵宝经	太上灵宝补谢灶王经	https://www.daorenjia.com/daozang9-372	no
三洞真经	洞玄灵宝经	太上洞真安灶经	https://www.daorenjia.com/daozang9-373	no
三洞真经	洞玄灵宝经	太上说牛癀妙经	https://www.daorenjia.com/daozang9-374	no
三洞真经	洞玄灵宝经	太上元始天尊说消殄虫蝗经	https://www.daorenjia.com/daozang9-375	no
三洞真经	洞玄灵宝经	太上安镇九垒龙神妙经	https://www.daorenjia.com/daozang9-376	no
三洞真经	洞玄灵宝经	洞玄灵宝五岳古本真形图	https://www.daorenjia.com/daozang9-377	no
三洞真经	洞玄灵宝经	五岳真形图序论	https://www.daorenjia.com/daozang9-378	no
三洞真经	洞玄灵宝经	玄览人鸟山经图	https://www.daorenjia.com/daozang9-379	no
三洞真经	洞玄灵宝经	太上洞玄灵宝五岳神符	https://www.daorenjia.com/daozang9-380	no
三洞真经	洞玄灵宝经	上清金母求仙上法	https://www.daorenjia.com/daozang9-381	no
三洞真经	洞玄灵宝经	太上洞玄灵宝众简文	https://www.daorenjia.com/daozang9-382	no
三洞真经	洞玄灵宝经	太上洞玄灵宝投简符文要诀	https://www.daorenjia.com/daozang9-383	no
三洞真经	洞玄灵宝经	太上洞玄灵宝五帝醮祭招真玉诀	https://www.daorenjia.com/daozang9-384	no
三洞真经	洞玄灵宝经	洞玄灵宝真人修行延年益算法	https://www.daorenjia.com/daozang9-385	no
三洞真经	洞玄灵宝经	洞玄灵宝道士明镜法	https://www.daorenjia.com/daozang9-386	no
三洞真经	洞玄灵宝经	灵宝施食法	https://www.daorenjia.com/daozang9-387	no
三洞真经	洞玄灵宝经	洞玄灵宝斋说光烛戒罚灯祝愿仪	https://www.daorenjia.com/daozang9-388	no
三洞真经	洞玄灵宝经	太上洞玄灵宝法烛经	https://www.daorenjia.com/daozang9-389	no
三洞真经	洞玄灵宝经	太上洞玄灵宝授度仪	https://www.daorenjia.com/daozang9-390	no
三洞真经	洞玄灵宝经	太上洞玄灵宝二部传授仪	https://www.daorenjia.com/daozang9-391	no
三洞真经	洞玄灵宝经	太上洞玄灵宝大纲钞	https://www.daorenjia.com/daozang9-392	no
三洞真经	洞玄灵宝经	灵宝九幽长夜起尸度亡玄章	https://www.daorenjia.com/daozang9-393	no
三洞真经	洞玄灵宝经	洞玄灵宝六甲玉女上宫歌章	https://www.daorenjia.com/daozang9-394	no
三洞真经	洞玄灵宝经	太上洞玄灵宝智慧礼赞	https://www.daorenjia.com/daozang9-395	no
三洞真经	洞真上清经	上清大洞真经	https://www.daorenjia.com/daozang8-1	yes
三洞真经	洞真上清经	上清素灵上篇	https://www.daorenjia.com/daozang8-10	no
三洞真经	洞真上清经	太上九真明科	https://www.daorenjia.com/daozang8-11	no
三洞真经	洞真上清经	洞真太上八素真经服食日月皇华诀	https://www.daorenjia.com/daozang8-110	no
三洞真经	洞真上清经	洞真太上八素真经精耀三景妙诀	https://www.daorenjia.com/daozang8-111	no
三洞真经	洞真上清经	洞真太上八素真经修习功业妙诀	https://www.daorenjia.com/daozang8-112	yes
三洞真经	洞真上清经	洞真太上八素真经三五行化妙诀	https://www.daorenjia.com/daozang8-113	yes
三洞真经	洞真上清经	洞真太上八素真经登坛符札妙诀	https://www.daorenjia.com/daozang8-114	no
三洞真经	洞真上清经	洞真太上八素真经占候入定妙诀	https://www.daorenjia.com/daozang8-115	yes
三洞真经	洞真上清经	洞真上清太微帝君步天纲飞地纪金简玉字上经	https://www.daorenjia.com/daozang8-116	no
三洞真经	洞真上清经	上清太上帝君九真中经	https://www.daorenjia.com/daozang8-117	no
三洞真经	洞真上清经	上清太上九真中经绛生神丹诀	https://www.daorenjia.com/daozang8-118	no
三洞真经	洞真上清经	上清八道秘言图	https://www.daorenjia.com/daozang8-119	yes
三洞真经	洞真上清经	上清金真玉光八景飞经	https://www.daorenjia.com/daozang8-12	no
三洞真经	洞真上清经	太上玉晨郁仪结璘奔日月图	https://www.daorenjia.com/daozang8-120	no
三洞真经	洞真上清经	上清太上回元隐道除罪籍经	https://www.daorenjia.com/daozang8-121	yes
三洞真经	洞真上清经	太上三天正法经	https://www.daorenjia.com/daozang8-122	no
三洞真经	洞真上清经	上清大洞九微八道大经妙箓	https://www.daorenjia.com/daozang8-123	yes
三洞真经	洞真上清经	上清黄气阳精三道顺行经	https://www.daorenjia.com/daozang8-124	yes
三洞真经	洞真上清经	上清外国放品青童内文	https://www.daorenjia.com/daozang8-125	no
三洞真经	洞真上清经	皇天上清金阙帝君灵书紫文上经	https://www.daorenjia.com/daozang8-126	yes
三洞真经	洞真上清经	太微灵书紫文仙忌真记上经	https://www.daorenjia.com/daozang8-127	yes
三洞真经	洞真上清经	太微灵书紫文琅玕华丹神真上经	https://www.daorenjia.com/daozang8-128	no
三洞真经	洞真上清经	洞真太上紫度炎光神玄变经	https://www.daorenjia.com/daozang8-129	no
三洞真经	洞真上清经	上清太上八素真经	https://www.daorenjia.com/daozang8-13	no
三洞真经	洞真上清经	洞真上清青要紫书金根众经	https://www.daorenjia.com/daozang8-130	no
三洞真经	洞真上清经	洞真太上三九素语玉精真诀	https://www.daorenjia.com/daozang8-131	no
三洞真经	洞真上清经	上清三元玉检三元布经	https://www.daorenjia.com/daozang8-132	no
三洞真经	洞真上清经	上清丹景道精隐地八术经	https://www.daorenjia.com/daozang8-133	no
三洞真经	洞真上清经	洞真上清神州七转七变舞天经	https://www.daorenjia.com/daozang8-134	no
三洞真经	洞真上清经	洞真太一帝君太丹隐书洞真玄经	https://www.daorenjia.com/daozang8-135	no
三洞真经	洞真上清经	上清洞真元经五籍符	https://www.daorenjia.com/daozang8-136	no
三洞真经	洞真上清经	上清太一帝君太丹隐书解胞十二结节图诀	https://www.daorenjia.com/daozang8-137	yes
三洞真经	洞真上清经	洞真上清开天三图七星移度经	https://www.daorenjia.com/daozang8-138	yes
三洞真经	洞真上清经	上清天关三图经	https://www.daorenjia.com/daozang8-139	no
三洞真经	洞真上清经	上清九丹上化胎精中记经	https://www.daorenjia.com/daozang8-140	no
三洞真经	洞真上清经	上清胎精记解结行事诀	https://www.daorenjia.com/daozang8-141	no
三洞真经	洞真上清经	洞真太上九赤班符五帝内真经	https://www.daorenjia.com/daozang8-142	no
三洞真经	洞真上清经	洞真太微金虎真符	https://www.daorenjia.com/daozang8-143	no
三洞真经	洞真上清经	洞真太上金篇虎符真文经	https://www.daorenjia.com/daozang8-144	no
三洞真经	洞真上清经	洞真太上神虎玉经	https://www.daorenjia.com/daozang8-145	no
三洞真经	洞真上清经	洞真太上神虎隐文	https://www.daorenjia.com/daozang8-146	no
三洞真经	洞真上清经	玉景九天金霄威神王祝太元上经	https://www.daorenjia.com/daozang8-147	no
三洞真经	洞真上清经	上清太上元始耀光金虎凤文章宝经	https://www.daorenjia.com/daozang8-148	no
三洞真经	洞真上清经	上清高上玉晨凤台曲素上经	https://www.daorenjia.com/daozang8-149	no
三洞真经	洞真上清经	上清曲素诀辞箓	https://www.daorenjia.com/daozang8-150	no
三洞真经	洞真上清经	上清白羽黑翮灵飞玉符	https://www.daorenjia.com/daozang8-151	no
三洞真经	洞真上清经	洞真上清龙飞九道尺素隐诀	https://www.daorenjia.com/daozang8-152	no
三洞真经	洞真上清经	上清琼宫灵飞六甲左右上符	https://www.daorenjia.com/daozang8-153	no
三洞真经	洞真上清经	上清琼宫灵飞六甲箓	https://www.daorenjia.com/daozang8-154	no
三洞真经	洞真上清经	太上玉佩金珰太极金书上经	https://www.daorenjia.com/daozang8-155	no
三洞真经	洞真上清经	上清太霄隐书元真洞飞二景经	https://www.daorenjia.com/daozang8-156	no
三洞真经	洞真上清经	上清元始变化宝真上经九灵太妙龟山玄箓	https://www.daorenjia.com/daozang8-157	no
三洞真经	洞真上清经	上清元始变化宝真上经	https://www.daorenjia.com/daozang8-158	no
三洞真经	洞真上清经	上清高上龟山玄箓	https://www.daorenjia.com/daozang8-159	no
三洞真经	洞真上清经	上清玉帝七圣玄纪回天九霄经	https://www.daorenjia.com/daozang8-160	no
三洞真经	洞真上清经	上清太上黄素四十四方经	https://www.daorenjia.com/daozang8-161	no
三洞真经	洞真上清经	高上太霄琅书琼文帝章经	https://www.daorenjia.com/daozang8-162	no
三洞真经	洞真上清经	洞真太上太霄琅书	https://www.daorenjia.com/daozang8-163	no
三洞真经	洞真上清经	太霄琅书琼文帝章诀	https://www.daorenjia.com/daozang8-164	no
三洞真经	洞真上清经	洞真高上玉清隐书经(四种)	https://www.daorenjia.com/daozang8-165	no
三洞真经	洞真上清经	洞真太上紫文丹章	https://www.daorenjia.com/daozang8-166	no
三洞真经	洞真上清经	洞真太上飞行羽经九真升玄上记	https://www.daorenjia.com/daozang8-167	no
三洞真经	洞真上清经	太上飞行九晨玉经	https://www.daorenjia.com/daozang8-168	no
三洞真经	洞真上清经	太上飞步五星经	https://www.daorenjia.com/daozang8-169	yes
三洞真经	洞真上清经	太上五星七元空常诀	https://www.daorenjia.com/daozang8-170	yes
三洞真经	洞真上清经	上清五常变通万化郁冥经	https://www.daorenjia.com/daozang8-171	no
三洞真经	洞真上清经	上清河图内玄经	https://www.daorenjia.com/daozang8-172	yes
三洞真经	洞真上清经	上清河图宝箓	https://www.daorenjia.com/daozang8-173	yes
三洞真经	洞真上清经	北斗九皇隐讳经	https://www.daorenjia.com/daozang8-174	yes
三洞真经	洞真上清经	上清金书玉字上经	https://www.daorenjia.com/daozang8-175	yes
三洞真经	洞真上清经	上清紫精君皇初紫灵道君洞房上经	https://www.daorenjia.com/daozang8-176	no
三洞真经	洞真上清经	上清紫微帝君南极元君玉经宝诀	https://www.daorenjia.com/daozang8-177	no
三洞真经	洞真上清经	太微帝君二十四神回元经	https://www.daorenjia.com/daozang8-178	no
三洞真经	洞真上清经	太上洞房内经注	https://www.daorenjia.com/daozang8-179	no
三洞真经	洞真上清经	金阙帝君三元真一经	https://www.daorenjia.com/daozang8-180	no
三洞真经	洞真上清经	上清金阙帝君五斗三一图诀	https://www.daorenjia.com/daozang8-181	yes
三洞真经	洞真上清经	元始天尊说玄微妙经	https://www.daorenjia.com/daozang8-182	no
三洞真经	洞真上清经	上清神宝洞房真讳上经	https://www.daorenjia.com/daozang8-183	no
三洞真经	洞真上清经	上清无英真童合游内变玉经	https://www.daorenjia.com/daozang8-184	no
三洞真经	洞真上清经	上清后圣道君列纪	https://www.daorenjia.com/daozang8-185	no
三洞真经	洞真上清经	上清七圣玄纪经	https://www.daorenjia.com/daozang8-186	no
三洞真经	洞真上清经	真诰	https://www.daorenjia.com/daozang8-187	yes
三洞真经	洞真上清经	登真隐诀	https://www.daorenjia.com/daozang8-188	no
三洞真经	洞真上清经	上清三真旨要玉诀	https://www.daorenjia.com/daozang8-189	no
三洞真经	洞真上清经	上清握中诀	https://www.daorenjia.com/daozang8-190	no
三洞真经	洞真上清经	上清修行秘诀(拟)	https://www.daorenjia.com/daozang8-191	no
三洞真经	洞真上清经	洞真西王母宝神起居经	https://www.daorenjia.com/daozang8-192	no
三洞真经	洞真上清经	上清太极真人撰所施行秘要经	https://www.daorenjia.com/daozang8-193	no
三洞真经	洞真上清经	上清众真教戒德行经	https://www.daorenjia.com/daozang8-194	no
三洞真经	洞真上清经	上清太极真人神仙经	https://www.daorenjia.com/daozang8-195	no
三洞真经	洞真上清经	上清明堂元真经诀	https://www.daorenjia.com/daozang8-196	no
三洞真经	洞真上清经	上清洞真解过诀	https://www.daorenjia.com/daozang8-197	no
三洞真经	洞真上清经	洞真太上八道命籍经	https://www.daorenjia.com/daozang8-198	no
三洞真经	洞真上清经	紫文行事决	https://www.daorenjia.com/daozang8-199	no
三洞真经	洞真上清经	上清大洞真经玉诀音义	https://www.daorenjia.com/daozang8-2	yes
三洞真经	洞真上清经	紫庭内秘诀修行法	https://www.daorenjia.com/daozang8-200	yes
三洞真经	洞真上清经	上清修身要事经	https://www.daorenjia.com/daozang8-201	no
三洞真经	洞真上清经	上清修行经诀	https://www.daorenjia.com/daozang8-202	no
三洞真经	洞真上清经	上清仙府琼林经	https://www.daorenjia.com/daozang8-203	no
三洞真经	洞真上清经	太清真人络命诀	https://www.daorenjia.com/daozang8-204	no
三洞真经	洞真上清经	洞真金房度命绿字回年三华宝曜内真上经	https://www.daorenjia.com/daozang8-205	no
三洞真经	洞真上清经	洞真太上三元流珠经	https://www.daorenjia.com/daozang8-206	no
三洞真经	洞真上清经	上清大洞九宫朝修秘诀上道	https://www.daorenjia.com/daozang8-207	no
三洞真经	洞真上清经	上清洞真九宫紫房图	https://www.daorenjia.com/daozang8-208	no
三洞真经	洞真上清经	上清回神飞霄登空招五星上法经	https://www.daorenjia.com/daozang8-209	no
三洞真经	洞真上清经	上清化形隐景登升保仙上经	https://www.daorenjia.com/daozang8-210	no
三洞真经	洞真上清经	上清丹元玉真帝皇飞仙上经	https://www.daorenjia.com/daozang8-211	no
三洞真经	洞真上清经	上清秘道九精回曜合神上真玉经	https://www.daorenjia.com/daozang8-212	yes
三洞真经	洞真上清经	上清华晨三奔玉诀	https://www.daorenjia.com/daozang8-213	no
三洞真经	洞真上清经	太上飞步南斗太微玉经	https://www.daorenjia.com/daozang8-214	yes
三洞真经	洞真上清经	上清丹天三气玉皇六辰飞纲司命大箓	https://www.daorenjia.com/daozang8-215	yes
三洞真经	洞真上清经	上清经秘诀	https://www.daorenjia.com/daozang8-216	no
三洞真经	洞真上清经	上清金匮玉镜修真指玄妙经	https://www.daorenjia.com/daozang8-217	no
三洞真经	洞真上清经	洞真太微黄书天帝君石景金阳素经	https://www.daorenjia.com/daozang8-218	no
三洞真经	洞真上清经	洞真太微黄书九天八箓真文	https://www.daorenjia.com/daozang8-219	no
三洞真经	洞真上清经	洞真太上太素玉箓	https://www.daorenjia.com/daozang8-220	no
三洞真经	洞真上清经	上清太微帝君结带真文法	https://www.daorenjia.com/daozang8-221	no
三洞真经	洞真上清经	洞真太上上清内经	https://www.daorenjia.com/daozang8-222	no
三洞真经	洞真上清经	洞真太上紫书箓传	https://www.daorenjia.com/daozang8-223	no
三洞真经	洞真上清经	洞真太上说智慧消魔真经	https://www.daorenjia.com/daozang8-224	yes
三洞真经	洞真上清经	洞真太上青牙始生经	https://www.daorenjia.com/daozang8-225	no
三洞真经	洞真上清经	洞真太上丹景道精经	https://www.daorenjia.com/daozang8-226	no
三洞真经	洞真上清经	上清诸真章颂	https://www.daorenjia.com/daozang8-227	no
三洞真经	洞真上清经	高上玉宸忧乐章	https://www.daorenjia.com/daozang8-228	no
三洞真经	洞真上清经	太上洞真徊玄章	https://www.daorenjia.com/daozang8-229	no
三洞真经	洞真上清经	上清金章十二篇	https://www.daorenjia.com/daozang8-230	no
三洞真经	洞真上清经	上清诸真人授经时颂金真章	https://www.daorenjia.com/daozang8-231	no
三洞真经	洞真上清经	上清无上金元玉清金真飞元步虚玉章	https://www.daorenjia.com/daozang8-232	no
三洞真经	洞真上清经	诸真歌颂	https://www.daorenjia.com/daozang8-233	yes
三洞真经	洞真上清经	众仙赞颂灵章	https://www.daorenjia.com/daozang8-234	no
三洞真经	洞真上清经	上回耀飞光日月精华上经	https://www.daorenjia.com/daozang8-235	no
三洞真经	洞真上清经	上清洞玄明灯上经	https://www.daorenjia.com/daozang8-236	no
三洞真经	洞真上清经	上清明鉴要经	https://www.daorenjia.com/daozang8-237	no
三洞真经	洞真上清经	上清明鉴真经	https://www.daorenjia.com/daozang8-238	no
三洞真经	洞真上清经	上清长生宝鉴图	https://www.daorenjia.com/daozang8-239	no
三洞真经	洞真上清经	上清含象鉴剑图	https://www.daorenjia.com/daozang8-240	no
三洞真经	洞真上清经	上清佩符文诀(五种)(青券诀、白券诀、绛券诀、黑券诀、黄券诀)	https://www.daorenjia.com/daozang8-241	no
三洞真经	洞真上清经	上清豁落七元符	https://www.daorenjia.com/daozang8-242	yes
三洞真经	洞真上清经	上清高胜太上大道君洞真金元八景玉箓	https://www.daorenjia.com/daozang8-243	no
三洞真经	洞真上清经	洞真八景玉箓晨图隐符	https://www.daorenjia.com/daozang8-244	no
三洞真经	洞真上清经	上清洞真天宝大洞三景宝箓	https://www.daorenjia.com/daozang8-245	no
三洞真经	洞真上清经	上清大洞三景玉清隐书诀箓	https://www.daorenjia.com/daozang8-246	no
三洞真经	洞真上清经	元始高上玉检大箓	https://www.daorenjia.com/daozang8-247	no
三洞真经	洞真上清经	太玄八景箓	https://www.daorenjia.com/daozang8-248	no
三洞真经	洞真上清经	上清元始谱录太真玉诀	https://www.daorenjia.com/daozang8-249	no
三洞真经	洞真上清经	上清元始高上玉皇九天谱录	https://www.daorenjia.com/daozang8-250	no
三洞真经	洞真上清经	道迹灵仙记	https://www.daorenjia.com/daozang8-251	no
三洞真经	洞真上清经	元始上真众仙记	https://www.daorenjia.com/daozang8-252	no
三洞真经	洞真上清经	上清三尊谱录	https://www.daorenjia.com/daozang8-253	yes
三洞真经	洞真上清经	无上三元镇宅灵箓	https://www.daorenjia.com/daozang8-254	yes
三洞真经	洞真上清经	上清金真玉皇上元九天真灵三百六十五部元箓	https://www.daorenjia.com/daozang8-255	no
三洞真经	洞真上清经	上清众经诸真圣秘	https://www.daorenjia.com/daozang8-256	no
三洞真经	洞真上清经	上清高上玉真众道综监宝讳	https://www.daorenjia.com/daozang8-257	no
三洞真经	洞真上清经	太上求仙定录尺素真诀玉文	https://www.daorenjia.com/daozang8-258	no
三洞真经	洞真上清经	洞玄灵宝真灵位业图	https://www.daorenjia.com/daozang8-259	no
三洞真经	洞真上清经	七域修真证品图	https://www.daorenjia.com/daozang8-260	yes
三洞真经	洞真上清经	上清洞真智慧观身大戒文	https://www.daorenjia.com/daozang8-261	yes
三洞真经	洞真上清经	玉清上宫科太真文	https://www.daorenjia.com/daozang8-262	no
三洞真经	洞真上清经	太真玉帝四极明科经	https://www.daorenjia.com/daozang8-263	no
三洞真经	洞真上清经	洞真太上仓元上箓	https://www.daorenjia.com/daozang8-264	no
三洞真经	洞真上清经	洞真太上上皇民籍定真玉箓	https://www.daorenjia.com/daozang8-265	no
三洞真经	洞真上清经	上清太上开天龙蹻经	https://www.daorenjia.com/daozang8-266	yes
三洞真经	洞真上清经	大洞玉经	https://www.daorenjia.com/daozang8-3	yes
三洞真经	洞真上清经	洞真高上玉帝大洞雌一玉检五老宝经	https://www.daorenjia.com/daozang8-4	yes
三洞真经	洞真上清经	大洞金华玉经	https://www.daorenjia.com/daozang8-5	yes
三洞真经	洞真上清经	上清九天上帝祝百神内名经	https://www.daorenjia.com/daozang8-6	yes
三洞真经	洞真上清经	洞真太上素灵洞元大有妙经	https://www.daorenjia.com/daozang8-7	no
三洞真经	洞真上清经	洞真太上道君元丹上经	https://www.daorenjia.com/daozang8-8	no
三洞真经	洞真上清经	上清明堂玄丹真经	https://www.daorenjia.com/daozang8-9	yes
三洞真经	洞神三皇经	三皇内文遗秘	https://www.daorenjia.com/daozang10-396	yes
三洞真经	洞神三皇经	太清金阙玉华仙书八极神章三皇内秘文	https://www.daorenjia.com/daozang10-397	yes
三洞真经	洞神三皇经	洞神八帝妙精经	https://www.daorenjia.com/daozang10-398	yes
三洞真经	洞神三皇经	洞神八帝元变经	https://www.daorenjia.com/daozang10-399	yes
三洞真经	洞神三皇经	太上洞神行道授度仪	https://www.daorenjia.com/daozang10-400	no
三洞真经	洞神三皇经	太上洞神三皇仪	https://www.daorenjia.com/daozang10-401	yes
三洞真经	洞神三皇经	太上洞神三皇传授仪	https://www.daorenjia.com/daozang10-402	no
三洞真经	洞神三皇经	陶公传授仪	https://www.daorenjia.com/daozang10-403	no
三洞真经	洞神三皇经	太上三皇宝斋神仙上录经	https://www.daorenjia.com/daozang10-404	yes
三洞真经	洞神三皇经	洞神三皇七十二君斋方忏仪	https://www.daorenjia.com/daozang10-405	yes
三洞真经	洞神三皇经	太上洞神太元河图三元仰谢仪	https://www.daorenjia.com/daozang10-406	yes
四辅真经	四子真经	南华真经	https://www.daorenjia.com/daozang16-712	yes
四辅真经	四子真经	南华真经注疏(郭象、成玄英)	https://www.daorenjia.com/daozang16-713	no
四辅真经	四子真经	南华真经章句音义(陈景元)	https://www.daorenjia.com/daozang16-714	no
四辅真经	四子真经	南华真经章句余事(陈景元)	https://www.daorenjia.com/daozang16-715	no
四辅真经	四子真经	南华真经余事杂录(陈景元)	https://www.daorenjia.com/daozang16-716	no
四辅真经	四子真经	南华真经新传(王雱)	https://www.daorenjia.com/daozang16-717	no
四辅真经	四子真经	南华真经拾遗(王雱)	https://www.daorenjia.com/daozang16-718	no
四辅真经	四子真经	南华真经直音(贾善翔)	https://www.daorenjia.com/daozang16-719	no
四辅真经	四子真经	南华邈(文如海)	https://www.daorenjia.com/daozang16-720	no
四辅真经	四子真经	南华真经口义(林希逸)	https://www.daorenjia.com/daozang16-721	no
四辅真经	四子真经	南华真经义海纂微(褚伯秀)	https://www.daorenjia.com/daozang16-722	no
四辅真经	四子真经	庄子内篇订正(吴澄)	https://www.daorenjia.com/daozang16-723	no
四辅真经	四子真经	南华真经循本(罗勉道)	https://www.daorenjia.com/daozang16-724	no
四辅真经	四子真经	庄子翼(焦竑)	https://www.daorenjia.com/daozang16-725	no
四辅真经	四子真经	冲虚至德真经	https://www.daorenjia.com/daozang16-726	no
四辅真经	四子真经	冲虚至德真经释文(殷敬顺)	https://www.daorenjia.com/daozang16-727	no
四辅真经	四子真经	冲虚至德真经义解(宋徽宗)	https://www.daorenjia.com/daozang16-728	no
四辅真经	四子真经	冲虚至德真经解(江遹)	https://www.daorenjia.com/daozang16-729	no
四辅真经	四子真经	冲虚至德真经鬳斋口义(林希逸)	https://www.daorenjia.com/daozang16-730	no
四辅真经	四子真经	冲虚至德真经四解(高守元)	https://www.daorenjia.com/daozang16-731	no
四辅真经	四子真经	通玄真经(河北定县汉墓竹简本)	https://www.daorenjia.com/daozang16-732	no
四辅真经	四子真经	通玄真经[注](徐灵府)	https://www.daorenjia.com/daozang16-733	no
四辅真经	四子真经	通玄真经[注](朱弁)	https://www.daorenjia.com/daozang16-734	no
四辅真经	四子真经	通玄真经缵义(杜道坚)	https://www.daorenjia.com/daozang16-735	no
四辅真经	四子真经	洞灵真经	https://www.daorenjia.com/daozang16-736	yes
四辅真经	四子真经	洞灵真经[注](何璨)	https://www.daorenjia.com/daozang16-737	yes
四辅真经	太平部诸经	太平经目录	https://www.daorenjia.com/daozang12-569	no
四辅真经	太平部诸经	太平经复文序	https://www.daorenjia.com/daozang12-570	yes
四辅真经	太平部诸经	太平经	https://www.daorenjia.com/daozang12-571	no
四辅真经	太平部诸经	太平经钞	https://www.daorenjia.com/daozang12-572	no
四辅真经	太平部诸经	太平经圣君秘旨	https://www.daorenjia.com/daozang12-573	no
四辅真经	太平部诸经	太平经(合校本)	https://www.daorenjia.com/daozang12-574	no
四辅真经	太清摄养经	上清黄庭养神经	https://www.daorenjia.com/daozang20-1000	yes
四辅真经	太清摄养经	黄庭遁甲缘身经	https://www.daorenjia.com/daozang20-1001	yes
四辅真经	太清摄养经	上清黄庭五藏六府真人玉轴经	https://www.daorenjia.com/daozang20-1002	yes
四辅真经	太清摄养经	黄庭内景五脏六腑补泻图	https://www.daorenjia.com/daozang20-1003	yes
四辅真经	太清摄养经	太上浩元经	https://www.daorenjia.com/daozang20-1004	yes
四辅真经	太清摄养经	太上洞玄灵宝三一五气真经	https://www.daorenjia.com/daozang20-1005	yes
四辅真经	太清摄养经	太清中黄真经	https://www.daorenjia.com/daozang20-1006	yes
四辅真经	太清摄养经	太清元道真经	https://www.daorenjia.com/daozang20-1007	yes
四辅真经	太清摄养经	太上老君元道真经注解	https://www.daorenjia.com/daozang20-1008	yes
四辅真经	太清摄养经	南统大君内丹九章经	https://www.daorenjia.com/daozang20-1009	yes
四辅真经	太清摄养经	太乙元真保命长生经	https://www.daorenjia.com/daozang20-1010	yes
四辅真经	太清摄养经	抱朴子别旨	https://www.daorenjia.com/daozang20-1011	no
四辅真经	太清摄养经	存神炼气铭	https://www.daorenjia.com/daozang20-1012	yes
四辅真经	太清摄养经	真气还元铭	https://www.daorenjia.com/daozang20-1013	yes
四辅真经	太清摄养经	老子说五厨经注	https://www.daorenjia.com/daozang20-1014	yes
四辅真经	太清摄养经	胎息精微论	https://www.daorenjia.com/daozang20-1015	yes
四辅真经	太清摄养经	神气养形论	https://www.daorenjia.com/daozang20-1016	yes
四辅真经	太清摄养经	服气精义论	https://www.daorenjia.com/daozang20-1017	yes
四辅真经	太清摄养经	修真精义杂论	https://www.daorenjia.com/daozang20-1018	yes
四辅真经	太清摄养经	显道经	https://www.daorenjia.com/daozang20-1019	yes
四辅真经	太清摄养经	高上玉皇胎息经	https://www.daorenjia.com/daozang20-1020	yes
四辅真经	太清摄养经	胎息经注	https://www.daorenjia.com/daozang20-1021	yes
四辅真经	太清摄养经	胎息秘要歌诀	https://www.daorenjia.com/daozang20-1022	yes
四辅真经	太清摄养经	幼真先生服内元炁诀	https://www.daorenjia.com/daozang20-1023	yes
四辅真经	太清摄养经	嵩山太无先生气经	https://www.daorenjia.com/daozang20-1024	yes
四辅真经	太清摄养经	长生胎元神用经	https://www.daorenjia.com/daozang20-1025	yes
四辅真经	太清摄养经	延陵先生集新旧服气经	https://www.daorenjia.com/daozang20-1026	yes
四辅真经	太清摄养经	太清调气经	https://www.daorenjia.com/daozang20-1027	yes
四辅真经	太清摄养经	太清服气口诀	https://www.daorenjia.com/daozang20-1028	yes
四辅真经	太清摄养经	太清风露经	https://www.daorenjia.com/daozang20-1029	yes
四辅真经	太清摄养经	太清导引养生经	https://www.daorenjia.com/daozang20-1030	yes
四辅真经	太清摄养经	太上老君养生诀	https://www.daorenjia.com/daozang20-1031	yes
四辅真经	太清摄养经	太上养生胎息气经	https://www.daorenjia.com/daozang20-1032	yes
四辅真经	太清摄养经	庄周气诀解	https://www.daorenjia.com/daozang20-1033	yes
四辅真经	太清摄养经	胎息抱一歌	https://www.daorenjia.com/daozang20-1034	yes
四辅真经	太清摄养经	气法要妙至诀	https://www.daorenjia.com/daozang20-1035	yes
四辅真经	太清摄养经	上清司命茅真君修行指迷诀	https://www.daorenjia.com/daozang20-1036	yes
四辅真经	太清摄养经	神仙食炁金匮妙录	https://www.daorenjia.com/daozang20-1037	yes
四辅真经	太清摄养经	至言总	https://www.daorenjia.com/daozang20-1038	yes
四辅真经	太清摄养经	太玄宝典	https://www.daorenjia.com/daozang20-1039	yes
四辅真经	太清摄养经	玄珠心镜注(王损之)	https://www.daorenjia.com/daozang20-1040	yes
四辅真经	太清摄养经	玄珠心镜注(衡岳真子)	https://www.daorenjia.com/daozang20-1041	yes
四辅真经	太清摄养经	诸真圣胎神用诀	https://www.daorenjia.com/daozang20-1042	yes
四辅真经	太清摄养经	长生诠经	https://www.daorenjia.com/daozang20-1043	yes
四辅真经	太清摄养经	无生诀经	https://www.daorenjia.com/daozang20-1044	yes
四辅真经	太清摄养经	道枢	https://www.daorenjia.com/daozang20-1045	yes
四辅真经	太清摄养经	养生辨疑诀	https://www.daorenjia.com/daozang20-1046	yes
四辅真经	太清摄养经	太清道林摄生论	https://www.daorenjia.com/daozang20-1047	no
四辅真经	太清摄养经	养性延命录	https://www.daorenjia.com/daozang20-1048	no
四辅真经	太清摄养经	抱朴子养生论	https://www.daorenjia.com/daozang20-1049	yes
四辅真经	太清摄养经	彭祖摄生养性论	https://www.daorenjia.com/daozang20-1050	yes
四辅真经	太清摄养经	孙真人摄养论	https://www.daorenjia.com/daozang20-1051	yes
四辅真经	太清摄养经	枕中记	https://www.daorenjia.com/daozang20-1052	yes
四辅真经	太清摄养经	保生铭	https://www.daorenjia.com/daozang20-1053	yes
四辅真经	太清摄养经	上玄高真延寿赤书	https://www.daorenjia.com/daozang20-1054	yes
四辅真经	太清摄养经	摄生纂录	https://www.daorenjia.com/daozang20-1055	yes
四辅真经	太清摄养经	四气摄生图	https://www.daorenjia.com/daozang20-1056	yes
四辅真经	太清摄养经	养生咏玄集	https://www.daorenjia.com/daozang20-1057	no
四辅真经	太清摄养经	保生要录	https://www.daorenjia.com/daozang20-1058	yes
四辅真经	太清摄养经	修真秘录	https://www.daorenjia.com/daozang20-1059	yes
四辅真经	太清摄养经	混俗颐生录	https://www.daorenjia.com/daozang20-1060	no
四辅真经	太清摄养经	太上保真养生论	https://www.daorenjia.com/daozang20-1061	no
四辅真经	太清摄养经	三元延寿参赞书	https://www.daorenjia.com/daozang20-1062	no
四辅真经	太清摄养经	黄帝内经素问补注释文	https://www.daorenjia.com/daozang20-980	yes
四辅真经	太清摄养经	黄帝内经素问遗篇	https://www.daorenjia.com/daozang20-981	yes
四辅真经	太清摄养经	黄帝内经灵枢集注	https://www.daorenjia.com/daozang20-982	yes
四辅真经	太清摄养经	黄帝内经灵枢略	https://www.daorenjia.com/daozang20-983	yes
四辅真经	太清摄养经	素问六气玄珠密语	https://www.daorenjia.com/daozang20-984	yes
四辅真经	太清摄养经	素问入式运气论奥	https://www.daorenjia.com/daozang20-985	yes
四辅真经	太清摄养经	黄帝八十一难经纂图句解	https://www.daorenjia.com/daozang20-986	yes
四辅真经	太清摄养经	图经衍义本草	https://www.daorenjia.com/daozang20-987	yes
四辅真经	太清摄养经	葛仙翁肘后备急方	https://www.daorenjia.com/daozang20-988	yes
四辅真经	太清摄养经	孙真人备急千金要方	https://www.daorenjia.com/daozang20-989	yes
四辅真经	太清摄养经	急救仙方	https://www.daorenjia.com/daozang20-990	no
四辅真经	太清摄养经	仙传外科集验方	https://www.daorenjia.com/daozang20-991	no
四辅真经	太清摄养经	太上黄庭内景玉经	https://www.daorenjia.com/daozang20-992	yes
四辅真经	太清摄养经	太上黄庭外景玉经	https://www.daorenjia.com/daozang20-993	yes
四辅真经	太清摄养经	黄庭内景玉经注(梁丘子)	https://www.daorenjia.com/daozang20-994	yes
四辅真经	太清摄养经	黄庭外景玉经注(梁丘子)	https://www.daorenjia.com/daozang20-995	yes
四辅真经	太清摄养经	太上黄庭外景经注(务成子)	https://www.daorenjia.com/daozang20-996	yes
四辅真经	太清摄养经	黄庭内外玉景经解	https://www.daorenjia.com/daozang20-997	yes
四辅真经	太清摄养经	黄庭内景玉经注	https://www.daorenjia.com/daozang20-998	yes
四辅真经	太清摄养经	太上黄庭中景经	https://www.daorenjia.com/daozang20-999	yes
四辅真经	太清金丹经	太清金液神丹经	https://www.daorenjia.com/daozang19-788	yes
四辅真经	太清金丹经	太清金液神气经	https://www.daorenjia.com/daozang19-789	yes
四辅真经	太清金丹经	太清经天师口诀	https://www.daorenjia.com/daozang19-790	no
四辅真经	太清金丹经	太清经断谷法	https://www.daorenjia.com/daozang19-791	yes
四辅真经	太清金丹经	太清石壁记	https://www.daorenjia.com/daozang19-792	yes
四辅真经	太清金丹经	上清九真中经内诀	https://www.daorenjia.com/daozang19-793	yes
四辅真经	太清金丹经	上清经真丹秘诀	https://www.daorenjia.com/daozang19-794	yes
四辅真经	太清金丹经	灵宝众真丹诀	https://www.daorenjia.com/daozang19-795	yes
四辅真经	太清金丹经	太极真人九转还丹经要诀	https://www.daorenjia.com/daozang19-796	yes
四辅真经	太清金丹经	太极真人杂丹药方	https://www.daorenjia.com/daozang19-797	yes
四辅真经	太清金丹经	黄帝九鼎神丹经诀	https://www.daorenjia.com/daozang19-798	no
四辅真经	太清金丹经	九转流珠神仙九丹经	https://www.daorenjia.com/daozang19-799	yes
四辅真经	太清金丹经	抱朴子神仙金汋经	https://www.daorenjia.com/daozang19-800	yes
四辅真经	太清金丹经	神仙服饵丹石行药法	https://www.daorenjia.com/daozang19-801	no
四辅真经	太清金丹经	神仙养生秘术	https://www.daorenjia.com/daozang19-802	yes
四辅真经	太清金丹经	通玄秘术	https://www.daorenjia.com/daozang19-803	no
四辅真经	太清金丹经	灵飞散传信录	https://www.daorenjia.com/daozang19-804	yes
四辅真经	太清金丹经	玄霜掌上录	https://www.daorenjia.com/daozang19-805	no
四辅真经	太清金丹经	悬解录	https://www.daorenjia.com/daozang19-806	no
四辅真经	太清金丹经	雁门公妙解录	https://www.daorenjia.com/daozang19-807	no
四辅真经	太清金丹经	神仙服食灵草菖蒲丸方传	https://www.daorenjia.com/daozang19-808	no
四辅真经	太清金丹经	太上肘后玉经方	https://www.daorenjia.com/daozang19-809	no
四辅真经	太清金丹经	蓬莱山西灶还丹歌	https://www.daorenjia.com/daozang19-810	no
四辅真经	太清金丹经	白云仙人灵草歌	https://www.daorenjia.com/daozang19-811	no
四辅真经	太清金丹经	种芝草法	https://www.daorenjia.com/daozang19-812	no
四辅真经	太清金丹经	纯阳吕真人药石制	https://www.daorenjia.com/daozang19-813	no
四辅真经	太清金丹经	轩辕黄帝水经药法	https://www.daorenjia.com/daozang19-814	no
四辅真经	太清金丹经	三十六水法	https://www.daorenjia.com/daozang19-815	no
四辅真经	太清金丹经	参同契五相类秘要	https://www.daorenjia.com/daozang19-816	no
四辅真经	太清金丹经	阴真君金石五相类	https://www.daorenjia.com/daozang19-817	no
四辅真经	太清金丹经	金石簿五九数诀	https://www.daorenjia.com/daozang19-818	no
四辅真经	太清金丹经	石药尔雅	https://www.daorenjia.com/daozang19-819	no
四辅真经	太清金丹经	丹方鉴源	https://www.daorenjia.com/daozang19-820	no
四辅真经	太清金丹经	玄和子十二月卦金诀	https://www.daorenjia.com/daozang19-821	no
四辅真经	太清金丹经	天皇太一神律避秽经	https://www.daorenjia.com/daozang19-822	no
四辅真经	太清金丹经	神仙炼丹点铸三元宝照法	https://www.daorenjia.com/daozang19-823	no
四辅真经	太清金丹经	魏伯阳七返丹砂诀	https://www.daorenjia.com/daozang19-824	no
四辅真经	太清金丹经	大洞炼真宝经妙诀 （两种）大洞炼真宝经修伏灵砂妙诀 ，大洞炼真宝经九还金丹妙诀	https://www.daorenjia.com/daozang19-825	no
四辅真经	太清金丹经	太上卫灵神化九转丹砂法	https://www.daorenjia.com/daozang19-826	no
四辅真经	太清金丹经	九转灵砂大丹	https://www.daorenjia.com/daozang19-827	no
四辅真经	太清金丹经	九转青金灵砂丹	https://www.daorenjia.com/daozang19-828	no
四辅真经	太清金丹经	阴阳九转成紫金点化还丹诀	https://www.daorenjia.com/daozang19-829	no
四辅真经	太清金丹经	玉洞大神丹砂真要诀	https://www.daorenjia.com/daozang19-830	no
四辅真经	太清金丹经	灵砂大丹秘诀	https://www.daorenjia.com/daozang19-831	no
四辅真经	太清金丹经	九转灵砂大丹资圣玄经	https://www.daorenjia.com/daozang19-832	no
四辅真经	太清金丹经	张真人金石灵砂论	https://www.daorenjia.com/daozang19-833	no
四辅真经	太清金丹经	太古土兑经	https://www.daorenjia.com/daozang19-834	no
四辅真经	太清金丹经	感气十六转金丹	https://www.daorenjia.com/daozang19-835	no
四辅真经	太清金丹经	诸家神品丹法	https://www.daorenjia.com/daozang19-836	no
四辅真经	太清金丹经	铅汞甲庚至宝集成	https://www.daorenjia.com/daozang19-837	no
四辅真经	太清金丹经	丹房奥论	https://www.daorenjia.com/daozang19-838	no
四辅真经	太清金丹经	指归集	https://www.daorenjia.com/daozang19-839	no
四辅真经	太清金丹经	丹房须知	https://www.daorenjia.com/daozang19-840	no
四辅真经	太清金丹经	渔庄邂逅录	https://www.daorenjia.com/daozang19-841	no
四辅真经	太清金丹经	碧玉朱砂寒林玉树匮	https://www.daorenjia.com/daozang19-842	no
四辅真经	太清金丹经	金华玉液大丹	https://www.daorenjia.com/daozang19-843	no
四辅真经	太清金丹经	金华冲碧丹经秘旨	https://www.daorenjia.com/daozang19-844	no
四辅真经	太清金丹经	庚道集	https://www.daorenjia.com/daozang19-845	no
四辅真经	太清金丹经	大丹记	https://www.daorenjia.com/daozang19-846	no
四辅真经	太清金丹经	大丹铅汞论	https://www.daorenjia.com/daozang19-847	no
四辅真经	太清金丹经	修炼大丹要旨	https://www.daorenjia.com/daozang19-848	no
四辅真经	太清金丹经	龙虎还丹诀(金陵子)	https://www.daorenjia.com/daozang19-849	no
四辅真经	太清金丹经	龙虎还丹诀颂	https://www.daorenjia.com/daozang19-850	no
四辅真经	太清金丹经	龙虎元旨	https://www.daorenjia.com/daozang19-851	no
四辅真经	太清金丹经	龙虎还丹诀(李真人)	https://www.daorenjia.com/daozang19-852	no
四辅真经	太清金丹经	通幽诀	https://www.daorenjia.com/daozang19-853	no
四辅真经	太清金丹经	红铅入黑铅诀	https://www.daorenjia.com/daozang19-854	no
四辅真经	太清金丹经	玉清内书	https://www.daorenjia.com/daozang19-855	no
四辅真经	太清金丹经	还丹肘后诀	https://www.daorenjia.com/daozang19-856	no
四辅真经	太清金丹经	太清修丹秘诀	https://www.daorenjia.com/daozang19-857	no
四辅真经	太清金丹经	太白经	https://www.daorenjia.com/daozang19-858	no
四辅真经	太清金丹经	元阳子金液集	https://www.daorenjia.com/daozang19-859	no
四辅真经	太清金丹经	还丹歌诀	https://www.daorenjia.com/daozang19-860	no
四辅真经	太清金丹经	还丹金液歌注	https://www.daorenjia.com/daozang19-861	no
四辅真经	太清金丹经	陶真人内丹赋	https://www.daorenjia.com/daozang19-862	no
四辅真经	太清金丹经	金丹赋	https://www.daorenjia.com/daozang19-863	no
四辅真经	太清金丹经	还金述	https://www.daorenjia.com/daozang19-864	no
四辅真经	太清金丹经	大丹篇	https://www.daorenjia.com/daozang19-865	no
四辅真经	太清金丹经	金液还丹百问诀	https://www.daorenjia.com/daozang19-866	no
四辅真经	太清金丹经	海客论	https://www.daorenjia.com/daozang19-867	no
四辅真经	太清金丹经	太上日月混元经	https://www.daorenjia.com/daozang19-868	no
四辅真经	太清金丹经	金丹真一论	https://www.daorenjia.com/daozang19-869	no
四辅真经	太清金丹经	还丹众仙论	https://www.daorenjia.com/daozang19-870	no
四辅真经	太清金丹经	修丹妙用至理论	https://www.daorenjia.com/daozang19-871	no
四辅真经	太清金丹经	上洞心丹经诀	https://www.daorenjia.com/daozang19-872	no
四辅真经	太清金丹经	先天玄妙玉女太上圣母资传仙道	https://www.daorenjia.com/daozang19-873	no
四辅真经	太清金丹经	太清玉碑子	https://www.daorenjia.com/daozang19-874	no
四辅真经	太清金丹经	大丹问答	https://www.daorenjia.com/daozang19-875	no
四辅真经	太清金丹经	金木万灵论	https://www.daorenjia.com/daozang19-876	no
四辅真经	太清金丹经	太极左仙公说神符经	https://www.daorenjia.com/daozang19-877	no
四辅真经	太清金丹经	稚川真人校证术	https://www.daorenjia.com/daozang19-878	no
四辅真经	太清金丹经	真元妙道要略	https://www.daorenjia.com/daozang19-879	no
四辅真经	太清金丹经	修真历验钞图	https://www.daorenjia.com/daozang19-880	no
四辅真经	太清金丹经	太上九要心印妙经	https://www.daorenjia.com/daozang19-881	no
四辅真经	太清金丹经	太上老君内丹经	https://www.daorenjia.com/daozang19-882	yes
四辅真经	太清金丹经	太上老君内日用妙经	https://www.daorenjia.com/daozang19-883	yes
四辅真经	太清金丹经	太上老君外日用妙经	https://www.daorenjia.com/daozang19-884	yes
四辅真经	太清金丹经	太清元极至妙神珠玉颗经	https://www.daorenjia.com/daozang19-885	no
四辅真经	太清金丹经	太上长文大洞灵宝幽玄上品妙经	https://www.daorenjia.com/daozang19-886	no
四辅真经	太清金丹经	太上长文大洞灵宝幽玄上品妙经发挥	https://www.daorenjia.com/daozang19-887	no
四辅真经	太清金丹经	太上元宝金庭无为妙经	https://www.daorenjia.com/daozang19-888	no
四辅真经	太清金丹经	太上化道度世仙经	https://www.daorenjia.com/daozang19-889	yes
四辅真经	太清金丹经	混元八景真经	https://www.daorenjia.com/daozang19-890	no
四辅真经	太清金丹经	混元阳符经	https://www.daorenjia.com/daozang19-891	yes
四辅真经	太清金丹经	橐籥子	https://www.daorenjia.com/daozang19-892	yes
四辅真经	太清金丹经	阴丹内篇	https://www.daorenjia.com/daozang19-893	yes
四辅真经	太清金丹经	真龙虎九仙经	https://www.daorenjia.com/daozang19-894	no
四辅真经	太清金丹经	灵宝大炼内旨行持机要	https://www.daorenjia.com/daozang19-895	no
四辅真经	太清金丹经	古文龙虎经注疏	https://www.daorenjia.com/daozang19-896	no
四辅真经	太清金丹经	古文龙虎上经注	https://www.daorenjia.com/daozang19-897	no
四辅真经	太清金丹经	大还丹金虎白龙论	https://www.daorenjia.com/daozang19-898	no
四辅真经	太清金丹经	大还丹照鉴	https://www.daorenjia.com/daozang19-899	no
四辅真经	太清金丹经	西山群仙会真记	https://www.daorenjia.com/daozang19-900	yes
四辅真经	太清金丹经	紫元君授道传心法	https://www.daorenjia.com/daozang19-901	no
四辅真经	太清金丹经	玄珠歌	https://www.daorenjia.com/daozang19-902	no
四辅真经	太清金丹经	巨胜歌	https://www.daorenjia.com/daozang19-903	no
四辅真经	太清金丹经	破迷正道歌	https://www.daorenjia.com/daozang19-904	yes
四辅真经	太清金丹经	太上洞真凝神修行经诀	https://www.daorenjia.com/daozang19-905	no
四辅真经	太清金丹经	秘传正阳真人灵宝毕法	https://www.daorenjia.com/daozang19-906	yes
四辅真经	太清金丹经	吕纯阳真人沁园春丹词注解	https://www.daorenjia.com/daozang19-907	yes
四辅真经	太清金丹经	阴真君还丹歌注	https://www.daorenjia.com/daozang19-908	no
四辅真经	太清金丹经	学仙辨真诀	https://www.daorenjia.com/daozang19-909	no
四辅真经	太清金丹经	陈先生内丹诀	https://www.daorenjia.com/daozang19-910	no
四辅真经	太清金丹经	丹论诀旨心鉴	https://www.daorenjia.com/daozang19-911	no
四辅真经	太清金丹经	大还心鉴	https://www.daorenjia.com/daozang19-912	no
四辅真经	太清金丹经	内丹还元诀	https://www.daorenjia.com/daozang19-913	no
四辅真经	太清金丹经	金液大丹诗	https://www.daorenjia.com/daozang19-914	no
四辅真经	太清金丹经	龙虎精微论	https://www.daorenjia.com/daozang19-915	no
四辅真经	太清金丹经	固气还神九转琼丹论	https://www.daorenjia.com/daozang19-916	no
四辅真经	太清金丹经	太初元气接要保生之论	https://www.daorenjia.com/daozang19-917	no
四辅真经	太清金丹经	金晶论	https://www.daorenjia.com/daozang19-918	no
四辅真经	太清金丹经	龙虎中丹诀	https://www.daorenjia.com/daozang19-919	no
四辅真经	太清金丹经	诸真论还丹诀	https://www.daorenjia.com/daozang19-920	no
四辅真经	太清金丹经	养命机关金丹真诀	https://www.daorenjia.com/daozang19-921	no
四辅真经	太清金丹经	还丹显妙通幽集	https://www.daorenjia.com/daozang19-922	no
四辅真经	太清金丹经	九还七返龙虎金丹析理真诀	https://www.daorenjia.com/daozang19-923	no
四辅真经	太清金丹经	玉室经	https://www.daorenjia.com/daozang19-924	no
四辅真经	太清金丹经	还丹至药篇	https://www.daorenjia.com/daozang19-925	no
四辅真经	太清金丹经	马自然金丹口诀	https://www.daorenjia.com/daozang19-926	no
四辅真经	太清金丹经	内丹秘诀	https://www.daorenjia.com/daozang19-927	no
四辅真经	太清金丹经	洞元子内丹诀	https://www.daorenjia.com/daozang19-928	no
四辅真经	太清金丹经	太玄朗然子进道诗	https://www.daorenjia.com/daozang19-929	no
四辅真经	太清金丹经	真人高象先金丹歌	https://www.daorenjia.com/daozang19-930	no
四辅真经	太清金丹经	证道歌	https://www.daorenjia.com/daozang19-931	no
四辅真经	太清金丹经	至真子龙虎大丹诗	https://www.daorenjia.com/daozang19-932	no
四辅真经	太清金丹经	真一金丹诀	https://www.daorenjia.com/daozang19-933	no
四辅真经	太清金丹经	谷神赋	https://www.daorenjia.com/daozang19-934	no
四辅真经	太清金丹经	擒玄赋	https://www.daorenjia.com/daozang19-935	no
四辅真经	太清金丹经	玄牝之门赋	https://www.daorenjia.com/daozang19-936	no
四辅真经	太清金丹经	亶甲集	https://www.daorenjia.com/daozang19-937	no
四辅真经	太清金丹经	紫阳真人悟真篇注疏	https://www.daorenjia.com/daozang19-938	no
四辅真经	太清金丹经	紫阳真人悟真直指详说三乘秘要	https://www.daorenjia.com/daozang19-939	no
四辅真经	太清金丹经	紫阳真人悟真篇拾遗	https://www.daorenjia.com/daozang19-940	no
四辅真经	太清金丹经	悟真篇注释	https://www.daorenjia.com/daozang19-941	no
四辅真经	太清金丹经	紫阳真人悟真篇三注	https://www.daorenjia.com/daozang19-942	yes
四辅真经	太清金丹经	紫阳真人悟真篇讲义	https://www.daorenjia.com/daozang19-943	yes
四辅真经	太清金丹经	金丹四百字	https://www.daorenjia.com/daozang19-944	yes
四辅真经	太清金丹经	玉清金笥青华秘文金宝内炼丹诀	https://www.daorenjia.com/daozang19-945	no
四辅真经	太清金丹经	还源篇	https://www.daorenjia.com/daozang19-946	yes
四辅真经	太清金丹经	还丹复命篇	https://www.daorenjia.com/daozang19-947	no
四辅真经	太清金丹经	翠虚篇	https://www.daorenjia.com/daozang19-948	yes
四辅真经	太清金丹经	海琼问道集	https://www.daorenjia.com/daozang19-949	yes
四辅真经	太清金丹经	海琼传道集	https://www.daorenjia.com/daozang19-950	yes
四辅真经	太清金丹经	海琼白真人语录	https://www.daorenjia.com/daozang19-951	yes
四辅真经	太清金丹经	静余玄问	https://www.daorenjia.com/daozang19-952	yes
四辅真经	太清金丹经	碧虚子亲传真指	https://www.daorenjia.com/daozang19-953	no
四辅真经	太清金丹经	长生指要篇	https://www.daorenjia.com/daozang19-954	no
四辅真经	太清金丹经	金丹直指	https://www.daorenjia.com/daozang19-955	no
四辅真经	太清金丹经	爰清子至命篇	https://www.daorenjia.com/daozang19-956	no
四辅真经	太清金丹经	三极至命筌蹄	https://www.daorenjia.com/daozang19-957	no
四辅真经	太清金丹经	玉溪子丹经指要	https://www.daorenjia.com/daozang19-958	no
四辅真经	太清金丹经	养生秘录	https://www.daorenjia.com/daozang19-959	no
四辅真经	太清金丹经	紫团丹经	https://www.daorenjia.com/daozang19-960	no
四辅真经	太清金丹经	太上修真体元妙道经	https://www.daorenjia.com/daozang19-961	no
四辅真经	太清金丹经	太上开明天地本真经	https://www.daorenjia.com/daozang19-962	no
四辅真经	太清金丹经	真仙秘传火候法	https://www.daorenjia.com/daozang19-963	no
四辅真经	太清金丹经	还丹秘诀养赤子神方	https://www.daorenjia.com/daozang19-964	no
四辅真经	太清金丹经	许真君石函记	https://www.daorenjia.com/daozang19-965	no
四辅真经	太清金丹经	金丹正宗	https://www.daorenjia.com/daozang19-966	no
四辅真经	太清金丹经	先天金丹大道玄奥口诀	https://www.daorenjia.com/daozang19-967	no
四辅真经	太清金丹经	金液大丹口诀	https://www.daorenjia.com/daozang19-968	no
四辅真经	太清金丹经	了明篇	https://www.daorenjia.com/daozang19-969	no
四辅真经	太清金丹经	丹经极论	https://www.daorenjia.com/daozang19-970	no
四辅真经	太清金丹经	存神固气论	https://www.daorenjia.com/daozang19-971	no
四辅真经	太清金丹经	金液还丹印证图	https://www.daorenjia.com/daozang19-972	no
四辅真经	太清金丹经	修真太极混元图	https://www.daorenjia.com/daozang19-973	no
四辅真经	太清金丹经	修真太极混元指玄图	https://www.daorenjia.com/daozang19-974	no
四辅真经	太清金丹经	龙虎手鉴图	https://www.daorenjia.com/daozang19-975	no
四辅真经	太清金丹经	悟玄篇	https://www.daorenjia.com/daozang19-976	no
四辅真经	太清金丹经	谷神篇	https://www.daorenjia.com/daozang19-977	no
四辅真经	太清金丹经	太上修真玄章	https://www.daorenjia.com/daozang19-978	no
四辅真经	太清金丹经	修真十书	https://www.daorenjia.com/daozang19-979	no
四辅真经	太玄部经诀	无上金玄上妙道德玄经(敦煌本)	https://www.daorenjia.com/daozang13-575	no
四辅真经	太玄部经诀	无上妙道文始真经	https://www.daorenjia.com/daozang13-576	yes
四辅真经	太玄部经诀	文始真经注	https://www.daorenjia.com/daozang13-577	no
四辅真经	太玄部经诀	文始真经言外旨	https://www.daorenjia.com/daozang13-578	no
四辅真经	太玄部经诀	太上老君开天经	https://www.daorenjia.com/daozang13-579	yes
四辅真经	太玄部经诀	太上老君虚无自然本起经	https://www.daorenjia.com/daozang13-580	yes
四辅真经	太玄部经诀	太上老君太素经	https://www.daorenjia.com/daozang13-581	yes
四辅真经	太玄部经诀	太上妙始经	https://www.daorenjia.com/daozang13-582	yes
四辅真经	太玄部经诀	太上洞玄宝元上经	https://www.daorenjia.com/daozang13-583	no
四辅真经	太玄部经诀	老子变化经(敦煌本)	https://www.daorenjia.com/daozang13-584	no
四辅真经	太玄部经诀	老君变化无极经	https://www.daorenjia.com/daozang13-585	no
四辅真经	太玄部经诀	老子化胡经(敦煌本)	https://www.daorenjia.com/daozang13-586	no
四辅真经	太玄部经诀	太上灵宝老子化胡妙经(敦煌本)	https://www.daorenjia.com/daozang13-587	no
四辅真经	太玄部经诀	太上老君中经	https://www.daorenjia.com/daozang13-588	yes
四辅真经	太玄部经诀	老子西升经(御注)	https://www.daorenjia.com/daozang13-589	no
四辅真经	太玄部经诀	西升经集注	https://www.daorenjia.com/daozang13-590	no
四辅真经	太玄部经诀	太上老君大存思图注诀	https://www.daorenjia.com/daozang13-591	yes
四辅真经	太玄部经诀	传授经戒仪注诀	https://www.daorenjia.com/daozang13-592	no
四辅真经	太玄部经诀	太上三洞传授道德经紫虚箓拜表仪	https://www.daorenjia.com/daozang13-593	yes
四辅真经	正一部经籙	太上正一法文经	https://www.daorenjia.com/daozang14-594	yes
四辅真经	正一部经籙	正一法文天师教戒科经	https://www.daorenjia.com/daozang14-595	yes
四辅真经	正一部经籙	正一法文经章官品	https://www.daorenjia.com/daozang14-596	no
四辅真经	正一部经籙	正一法文经护国醮海品	https://www.daorenjia.com/daozang14-597	no
四辅真经	正一部经籙	正一法文修真旨要	https://www.daorenjia.com/daozang14-598	no
四辅真经	正一部经籙	正一法文十箓召仪	https://www.daorenjia.com/daozang14-599	no
四辅真经	正一部经籙	正一法文传都功版仪	https://www.daorenjia.com/daozang14-600	no
四辅真经	正一部经籙	正一法文法箓部仪	https://www.daorenjia.com/daozang14-601	no
四辅真经	正一部经籙	正一法文太上外箓仪	https://www.daorenjia.com/daozang14-602	no
四辅真经	正一部经籙	太上三五正一盟威箓	https://www.daorenjia.com/daozang14-603	yes
四辅真经	正一部经籙	太上正一盟威法箓	https://www.daorenjia.com/daozang14-604	no
四辅真经	正一部经籙	四斗二十八宿天帝大箓	https://www.daorenjia.com/daozang14-605	no
四辅真经	正一部经籙	太上正一延生保命箓	https://www.daorenjia.com/daozang14-606	no
四辅真经	正一部经籙	太上正一解五音咒诅秘箓	https://www.daorenjia.com/daozang14-607	no
四辅真经	正一部经籙	太上正一度仙灵录仪(拟)	https://www.daorenjia.com/daozang14-608	no
四辅真经	正一部经籙	上清洞天三五金刚玄箓仪	https://www.daorenjia.com/daozang14-609	no
四辅真经	正一部经籙	洞玄灵宝课中法	https://www.daorenjia.com/daozang14-610	no
四辅真经	正一部经籙	太上三五正一盟威阅箓醮仪	https://www.daorenjia.com/daozang14-611	yes
四辅真经	正一部经籙	太上正一阅箓仪	https://www.daorenjia.com/daozang14-612	yes
四辅真经	正一部经籙	太上正一阅众录仪(敦煌本)	https://www.daorenjia.com/daozang14-613	no
四辅真经	正一部经籙	太上正一阅紫录仪(敦煌本)	https://www.daorenjia.com/daozang14-614	no
四辅真经	正一部经籙	太上金书玉牒宝章仪	https://www.daorenjia.com/daozang14-615	yes
四辅真经	正一部经籙	正一出官章仪	https://www.daorenjia.com/daozang14-616	no
四辅真经	正一部经籙	正一指教斋仪	https://www.daorenjia.com/daozang14-617	yes
四辅真经	正一部经籙	正一指教斋清旦行道仪	https://www.daorenjia.com/daozang14-618	yes
四辅真经	正一部经籙	正一敕坛仪	https://www.daorenjia.com/daozang14-619	no
四辅真经	正一部经籙	正一解厄醮仪	https://www.daorenjia.com/daozang14-620	yes
四辅真经	正一部经籙	正一醮宅仪	https://www.daorenjia.com/daozang14-621	yes
四辅真经	正一部经籙	正一醮墓仪	https://www.daorenjia.com/daozang14-622	no
四辅真经	正一部经籙	洞真黄书	https://www.daorenjia.com/daozang14-623	no
四辅真经	正一部经籙	上清黄书过度仪	https://www.daorenjia.com/daozang14-624	no
四辅真经	正一部经籙	洞真三天秘讳	https://www.daorenjia.com/daozang14-625	no
四辅真经	正一部经籙	无上三天法师说荫育众生妙经	https://www.daorenjia.com/daozang14-626	no
四辅真经	正一部经籙	正一天师告赵升口诀	https://www.daorenjia.com/daozang14-627	no
四辅真经	正一部经籙	太上正一咒鬼经	https://www.daorenjia.com/daozang14-628	no
四辅真经	正一部经籙	三天内解经	https://www.daorenjia.com/daozang14-629	no
四辅真经	正一部经籙	尊下长乐经(拟)	https://www.daorenjia.com/daozang14-630	no
四辅真经	正一部经籙	正一论	https://www.daorenjia.com/daozang14-631	yes
四辅真经	正一部经籙	陆先生道门科略	https://www.daorenjia.com/daozang14-632	no
四辅真经	正一部经籙	洞玄灵宝五感文	https://www.daorenjia.com/daozang14-633	no
四辅真经	正一部经籙	老君音诵诫经	https://www.daorenjia.com/daozang14-634	no
四辅真经	正一部经籙	太上老君戒经	https://www.daorenjia.com/daozang14-635	yes
四辅真经	正一部经籙	太上老君经律	https://www.daorenjia.com/daozang14-636	yes
四辅真经	正一部经籙	太上经戒	https://www.daorenjia.com/daozang14-637	yes
四辅真经	正一部经籙	老子说百八十戒序(敦煌本)	https://www.daorenjia.com/daozang14-638	no
四辅真经	正一部经籙	老子说法食禁诫经(敦煌本)	https://www.daorenjia.com/daozang14-639	yes
四辅真经	正一部经籙	女青鬼律	https://www.daorenjia.com/daozang14-640	yes
四辅真经	正一部经籙	玄都律文	https://www.daorenjia.com/daozang14-641	no
四辅真经	正一部经籙	赤松子章历	https://www.daorenjia.com/daozang14-642	no
四辅真经	正一部经籙	太上宣慈助化章	https://www.daorenjia.com/daozang14-643	no
四辅真经	正一部经籙	太上济度章赦	https://www.daorenjia.com/daozang14-644	no
四辅真经	正一部经籙	萃善录	https://www.daorenjia.com/daozang14-645	no
四辅真经	道德真经	老子道德经(郭店楚简本)	https://www.daorenjia.com/daozang15-646	yes
四辅真经	道德真经	老子道德经(马王堆帛书本)	https://www.daorenjia.com/daozang15-647	yes
四辅真经	道德真经	老子道德经(敦煌五千文本)	https://www.daorenjia.com/daozang15-648	yes
四辅真经	道德真经	道德真经(道藏无注本)	https://www.daorenjia.com/daozang15-649	yes
四辅真经	道德真经	道德经古文篇(付奕)	https://www.daorenjia.com/daozang15-650	yes
四辅真经	道德真经	道德真经指归	https://www.daorenjia.com/daozang15-651	yes
四辅真经	道德真经	道德真经注(河上公)	https://www.daorenjia.com/daozang15-652	yes
四辅真经	道德真经	老子道德经想尔注(敦煌本)	https://www.daorenjia.com/daozang15-653	yes
四辅真经	道德真经	老子道德经序诀	https://www.daorenjia.com/daozang15-654	yes
四辅真经	道德真经	老子微旨例略(王弼)	https://www.daorenjia.com/daozang15-655	no
四辅真经	道德真经	道德真经注(王弼)	https://www.daorenjia.com/daozang15-656	no
四辅真经	道德真经	老子道德经注(缺名)	https://www.daorenjia.com/daozang15-657	no
四辅真经	道德真经	玄言新记明老部(颜师古)	https://www.daorenjia.com/daozang15-658	no
四辅真经	道德真经	老子道德经开题序诀义疏 (成玄英)	https://www.daorenjia.com/daozang15-659	no
四辅真经	道德真经	道德真经注(李荣)	https://www.daorenjia.com/daozang15-660	no
四辅真经	道德真经	道德真经疏义(赵志坚)	https://www.daorenjia.com/daozang15-661	no
四辅真经	道德真经	唐玄宗御注道德真经	https://www.daorenjia.com/daozang15-662	no
四辅真经	道德真经	唐玄宗御制道德真经疏	https://www.daorenjia.com/daozang15-663	no
四辅真经	道德真经	道德真经次解(唐佚名氏)	https://www.daorenjia.com/daozang15-664	no
四辅真经	道德真经	道德真经新注(李约)	https://www.daorenjia.com/daozang15-665	no
四辅真经	道德真经	道德真经传(陆希声)	https://www.daorenjia.com/daozang15-666	no
四辅真经	道德真经	道德经论兵要义述(王真)	https://www.daorenjia.com/daozang15-667	no
四辅真经	道德真经	道德真经广圣义(杜光庭)	https://www.daorenjia.com/daozang15-668	no
四辅真经	道德真经	道德真经广圣义指略(原题唐玄宗御制道德真经疏)	https://www.daorenjia.com/daozang15-669	no
四辅真经	道德真经	道德真经玄德纂疏(强思齐)	https://www.daorenjia.com/daozang15-670	no
四辅真经	道德真经	道德真经注疏(原题顾欢)	https://www.daorenjia.com/daozang15-671	no
四辅真经	道德真经	道德经篇章玄颂(宋鸾)	https://www.daorenjia.com/daozang15-672	no
四辅真经	道德真经	道德真经颂(蒋融庵)	https://www.daorenjia.com/daozang15-673	no
四辅真经	道德真经	道德真经传(吕惠卿)	https://www.daorenjia.com/daozang15-674	no
四辅真经	道德真经	道德真经论(司马光)	https://www.daorenjia.com/daozang15-675	no
四辅真经	道德真经	道德真经注(苏辙)	https://www.daorenjia.com/daozang15-676	no
四辅真经	道德真经	道德真经藏室纂微篇(陈景元)	https://www.daorenjia.com/daozang15-677	no
四辅真经	道德真经	道德真经藏室纂微篇开题科文疏(薛致玄)	https://www.daorenjia.com/daozang15-678	no
四辅真经	道德真经	道德真经藏室纂微手钞(薛致玄)	https://www.daorenjia.com/daozang15-679	no
四辅真经	道德真经	道德真经集注(宋太守张氏)	https://www.daorenjia.com/daozang15-680	no
四辅真经	道德真经	道德真经解(陈象古)	https://www.daorenjia.com/daozang15-681	no
四辅真经	道德真经	宋徽宗御解道德真经	https://www.daorenjia.com/daozang15-682	no
四辅真经	道德真经	宋徽宗道德真经解义(章安)	https://www.daorenjia.com/daozang15-683	no
四辅真经	道德真经	道德真经疏义	https://www.daorenjia.com/daozang15-684	no
四辅真经	道德真经	元始说先天道德经注解(李嘉谋)	https://www.daorenjia.com/daozang15-685	no
四辅真经	道德真经	道德真经义解(李嘉谋)	https://www.daorenjia.com/daozang15-686	no
四辅真经	道德真经	道德真经直解(邵若愚)	https://www.daorenjia.com/daozang15-687	no
四辅真经	道德真经	道德真经口义(林希逸)	https://www.daorenjia.com/daozang15-688	no
四辅真经	道德真经	道德真经集解(董思靖)	https://www.daorenjia.com/daozang15-689	no
四辅真经	道德真经	道德真经集注	https://www.daorenjia.com/daozang15-690	no
四辅真经	道德真经	道德真经集注释文(彭耜)	https://www.daorenjia.com/daozang15-691	no
四辅真经	道德真经	道德真经集注杂说(彭耜)	https://www.daorenjia.com/daozang15-692	no
四辅真经	道德真经	老子道德经古本集注	https://www.daorenjia.com/daozang15-693	no
四辅真经	道德真经	道德真经取善集(李霖)	https://www.daorenjia.com/daozang15-694	no
四辅真经	道德真经	道德玄经原旨(杜道坚)	https://www.daorenjia.com/daozang15-695	no
四辅真经	道德真经	玄经原旨发挥(杜道坚)	https://www.daorenjia.com/daozang15-696	no
四辅真经	道德真经	道德真经全解(时雍)	https://www.daorenjia.com/daozang15-697	no
四辅真经	道德真经	道德真经解	https://www.daorenjia.com/daozang15-698	no
四辅真经	道德真经	道德真经四子古道集解(寇材质)	https://www.daorenjia.com/daozang15-699	no
四辅真经	道德真经	道德真经衍义手抄(王守正)	https://www.daorenjia.com/daozang15-700	no
四辅真经	道德真经	道德真经集解(赵秉文)	https://www.daorenjia.com/daozang15-701	no
四辅真经	道德真经	道德真经集义大旨(刘惟永)	https://www.daorenjia.com/daozang15-702	no
四辅真经	道德真经	道德真经集义(刘惟永)	https://www.daorenjia.com/daozang15-703	no
四辅真经	道德真经	道德真经章句训颂(张嗣成)	https://www.daorenjia.com/daozang15-704	no
四辅真经	道德真经	道德会元(李道纯)	https://www.daorenjia.com/daozang15-705	no
四辅真经	道德真经	道德真经注(林志坚)	https://www.daorenjia.com/daozang15-706	no
四辅真经	道德真经	道德真经注(吴澄)	https://www.daorenjia.com/daozang15-707	no
四辅真经	道德真经	道德真经三解(邓锜)	https://www.daorenjia.com/daozang15-708	no
四辅真经	道德真经	大明太祖高皇帝御注道德真经	https://www.daorenjia.com/daozang15-709	no
四辅真经	道德真经	道德真经集义(危大有)	https://www.daorenjia.com/daozang15-710	no
四辅真经	道德真经	老子翼(焦竑)	https://www.daorenjia.com/daozang15-711	no
四辅真经	道教易学	周易参同契(阴真人)	https://www.daorenjia.com/daozang18-761	yes
四辅真经	道教易学	金碧五相类参同契(阴真人)	https://www.daorenjia.com/daozang18-762	yes
四辅真经	道教易学	周易参同契注（无名氏）	https://www.daorenjia.com/daozang18-763	yes
四辅真经	道教易学	周易参同契分章通真义(彭晓)	https://www.daorenjia.com/daozang18-764	yes
四辅真经	道教易学	周易参同契鼎器歌明镜图(彭晓)	https://www.daorenjia.com/daozang18-765	yes
四辅真经	道教易学	周易参同契注	https://www.daorenjia.com/daozang18-766	yes
四辅真经	道教易学	周易参同契注(储华谷)	https://www.daorenjia.com/daozang18-767	yes
四辅真经	道教易学	周易参同契注(陈显微)	https://www.daorenjia.com/daozang18-768	yes
四辅真经	道教易学	周易参同契分章注(陈致虚)	https://www.daorenjia.com/daozang18-769	yes
四辅真经	道教易学	周易参同契考异(朱熹)	https://www.daorenjia.com/daozang18-770	yes
四辅真经	道教易学	周易参同契发挥(原题俞琰)	https://www.daorenjia.com/daozang18-771	yes
四辅真经	道教易学	周易参同契释疑(原题俞琰)	https://www.daorenjia.com/daozang18-772	no
四辅真经	道教易学	易林(焦赣)	https://www.daorenjia.com/daozang18-773	yes
四辅真经	道教易学	易数钩隐图(刘牧)	https://www.daorenjia.com/daozang18-774	yes
四辅真经	道教易学	易数钩隐图遗论九事(刘牧)	https://www.daorenjia.com/daozang18-775	yes
四辅真经	道教易学	周易图(佚名氏)	https://www.daorenjia.com/daozang18-776	yes
四辅真经	道教易学	大易象数钩深图(张李)	https://www.daorenjia.com/daozang18-777	yes
四辅真经	道教易学	易外别传(俞琰)	https://www.daorenjia.com/daozang18-778	yes
四辅真经	道教易学	易筮通变(雷思齐)	https://www.daorenjia.com/daozang18-779	yes
四辅真经	道教易学	易图通变(雷思齐)	https://www.daorenjia.com/daozang18-780	no
四辅真经	道教易学	天原发微	https://www.daorenjia.com/daozang18-781	yes
四辅真经	道教易学	易象图说内篇	https://www.daorenjia.com/daozang18-782	yes
四辅真经	道教易学	易象图说外篇	https://www.daorenjia.com/daozang18-783	yes
四辅真经	道教易学	古易考原	https://www.daorenjia.com/daozang18-784	no
四辅真经	道教易学	易因	https://www.daorenjia.com/daozang18-785	yes
四辅真经	道教易学	皇极经世	https://www.daorenjia.com/daozang18-786	no
四辅真经	道教易学	集注太玄经(司马光)	https://www.daorenjia.com/daozang18-787	no
四辅真经	黄帝阴符经	黃帝阴符经	https://www.daorenjia.com/daozang17-738	yes
四辅真经	黄帝阴符经	黃帝阴符经集注(伊尹等)	https://www.daorenjia.com/daozang17-739	yes
四辅真经	黄帝阴符经	黃帝阴符经注(张果)	https://www.daorenjia.com/daozang17-740	no
四辅真经	黄帝阴符经	黃帝阴符经注(黄居真)	https://www.daorenjia.com/daozang17-741	no
四辅真经	黄帝阴符经	黃帝阴符经注(沈亚夫)	https://www.daorenjia.com/daozang17-742	no
四辅真经	黄帝阴符经	黃帝阴符经注(蔡望)	https://www.daorenjia.com/daozang17-743	no
四辅真经	黄帝阴符经	黃帝阴符经解义(萧真宰)	https://www.daorenjia.com/daozang17-744	no
四辅真经	黄帝阴符经	黃帝阴符经解(蹇昌辰)	https://www.daorenjia.com/daozang17-745	no
四辅真经	黄帝阴符经	黃帝阴符经注解(任照一)	https://www.daorenjia.com/daozang17-746	no
四辅真经	黄帝阴符经	黃帝阴符经集解(袁淑真)	https://www.daorenjia.com/daozang17-747	no
四辅真经	黄帝阴符经	黃帝阴符经疏(原題李筌)	https://www.daorenjia.com/daozang17-748	no
四辅真经	黄帝阴符经	黃帝阴符经讲义(夏元鼎)	https://www.daorenjia.com/daozang17-749	no
四辅真经	黄帝阴符经	黃帝阴符经注解(原題邹䜣)	https://www.daorenjia.com/daozang17-750	no
四辅真经	黄帝阴符经	黃帝阴符经集解(赤松子等)	https://www.daorenjia.com/daozang17-751	yes
四辅真经	黄帝阴符经	阴符经三皇玉诀(原題轩辕黄帝)	https://www.daorenjia.com/daozang17-752	no
四辅真经	黄帝阴符经	黃帝阴符经心法(胥元一)	https://www.daorenjia.com/daozang17-753	no
四辅真经	黄帝阴符经	黃帝阴符经注(刘处玄)	https://www.daorenjia.com/daozang17-754	yes
四辅真经	黄帝阴符经	黃帝阴符经注(唐淳)	https://www.daorenjia.com/daozang17-755	no
四辅真经	黄帝阴符经	黃帝阴符经注(侯善渊)	https://www.daorenjia.com/daozang17-756	no
四辅真经	黄帝阴符经	黃帝阴符经注(俞琰)	https://www.daorenjia.com/daozang17-757	no
四辅真经	黄帝阴符经	黄帝阴符经注夹颂解注(王道渊)	https://www.daorenjia.com/daozang17-758	no
四辅真经	黄帝阴符经	黃帝阴符经頌(元阳子)	https://www.daorenjia.com/daozang17-759	no
四辅真经	黄帝阴符经	阴符天机经	https://www.daorenjia.com/daozang17-760	no
道史仙传	仙境名山志	山海经	https://www.daorenjia.com/daozang31-14	no
道史仙传	仙境名山志	十洲记	https://www.daorenjia.com/daozang31-15	yes
道史仙传	仙境名山志	洞天福地岳渎名山记	https://www.daorenjia.com/daozang31-16	yes
道史仙传	仙境名山志	洞渊集	https://www.daorenjia.com/daozang31-17	no
道史仙传	仙境名山志	三才定位图	https://www.daorenjia.com/daozang31-18	no
道史仙传	仙境名山志	大涤洞天记	https://www.daorenjia.com/daozang31-19	no
道史仙传	仙境名山志	梅仙观记	https://www.daorenjia.com/daozang31-20	no
道史仙传	仙境名山志	龙瑞观禹穴阳明洞天图经	https://www.daorenjia.com/daozang31-21	no
道史仙传	仙境名山志	四明洞天丹山间咏集	https://www.daorenjia.com/daozang31-22	no
道史仙传	仙境名山志	金华赤松山志	https://www.daorenjia.com/daozang31-23	no
道史仙传	仙境名山志	仙都志	https://www.daorenjia.com/daozang31-24	no
道史仙传	仙境名山志	西岳华山志	https://www.daorenjia.com/daozang31-25	no
道史仙传	仙境名山志	太华希夷志	https://www.daorenjia.com/daozang31-26	no
道史仙传	仙境名山志	岱史	https://www.daorenjia.com/daozang31-27	no
道史仙传	仙境名山志	茅山志	https://www.daorenjia.com/daozang31-28	no
道史仙传	仙境名山志	南岳总胜集	https://www.daorenjia.com/daozang31-29	no
道史仙传	仙境名山志	天台山志	https://www.daorenjia.com/daozang31-30	yes
道史仙传	仙境名山志	天坛王屋山圣迹记	https://www.daorenjia.com/daozang31-31	yes
道史仙传	仙境名山志	唐王屋山中岩台正一先生庙碣	https://www.daorenjia.com/daozang31-32	yes
道史仙传	仙境名山志	武当福地总真集	https://www.daorenjia.com/daozang31-33	no
道史仙传	仙境名山志	武当纪胜集	https://www.daorenjia.com/daozang31-34	no
道史仙传	仙境名山志	龙角山记	https://www.daorenjia.com/daozang31-35	no
道史仙传	仙境名山志	终南山说经台历代真仙碑记	https://www.daorenjia.com/daozang31-36	yes
道史仙传	仙境名山志	古楼观紫云衍庆集	https://www.daorenjia.com/daozang31-37	yes
道史仙传	仙境名山志	唐嵩高山启母庙碑铭	https://www.daorenjia.com/daozang31-38	yes
道史仙传	仙境名山志	西川青羊宫碑铭	https://www.daorenjia.com/daozang31-39	yes
道史仙传	仙境名山志	宋东太乙宫碑铭	https://www.daorenjia.com/daozang31-40	yes
道史仙传	仙境名山志	宋西太乙宫碑铭	https://www.daorenjia.com/daozang31-41	yes
道史仙传	仙境名山志	宋中太乙宫碑铭	https://www.daorenjia.com/daozang31-42	yes
道史仙传	仙境名山志	宫观碑志	https://www.daorenjia.com/daozang31-43	yes
道史仙传	神仙高道传	玄风庆会录	https://www.daorenjia.com/daozang30-100	no
道史仙传	神仙高道传	金莲正宗记	https://www.daorenjia.com/daozang30-101	yes
道史仙传	神仙高道传	金莲正宗仙源像传	https://www.daorenjia.com/daozang30-102	no
道史仙传	神仙高道传	七真年谱	https://www.daorenjia.com/daozang30-103	yes
道史仙传	神仙高道传	终南山祖庭仙真内传	https://www.daorenjia.com/daozang30-104	no
道史仙传	神仙高道传	体玄真人显异录	https://www.daorenjia.com/daozang30-105	no
道史仙传	神仙高道传	甘水仙源录	https://www.daorenjia.com/daozang30-106	no
道史仙传	神仙高道传	历世真仙体道通鉴	https://www.daorenjia.com/daozang30-107	no
道史仙传	神仙高道传	历世真仙体道通鉴续编	https://www.daorenjia.com/daozang30-108	no
道史仙传	神仙高道传	历世真仙体道通鉴后集	https://www.daorenjia.com/daozang30-109	no
道史仙传	神仙高道传	列仙传	https://www.daorenjia.com/daozang30-44	yes
道史仙传	神仙高道传	神仙传	https://www.daorenjia.com/daozang30-45	no
道史仙传	神仙高道传	历代崇道记	https://www.daorenjia.com/daozang30-46	yes
道史仙传	神仙高道传	道教灵验记	https://www.daorenjia.com/daozang30-47	no
道史仙传	神仙高道传	录异记	https://www.daorenjia.com/daozang30-48	no
道史仙传	神仙高道传	神仙感遇传	https://www.daorenjia.com/daozang30-49	no
道史仙传	神仙高道传	墉城集仙录	https://www.daorenjia.com/daozang30-50	no
道史仙传	神仙高道传	江淮异人录	https://www.daorenjia.com/daozang30-51	no
道史仙传	神仙高道传	仙苑编珠	https://www.daorenjia.com/daozang30-52	no
道史仙传	神仙高道传	三洞群仙录	https://www.daorenjia.com/daozang30-53	no
道史仙传	神仙高道传	续仙传	https://www.daorenjia.com/daozang30-54	no
道史仙传	神仙高道传	疑仙传	https://www.daorenjia.com/daozang30-55	no
道史仙传	神仙高道传	玄品录	https://www.daorenjia.com/daozang30-56	no
道史仙传	神仙高道传	消摇墟经	https://www.daorenjia.com/daozang30-57	no
道史仙传	神仙高道传	搜神记	https://www.daorenjia.com/daozang30-58	no
道史仙传	神仙高道传	广黄帝本行记	https://www.daorenjia.com/daozang30-59	no
道史仙传	神仙高道传	穆天子传	https://www.daorenjia.com/daozang30-60	no
道史仙传	神仙高道传	犹龙传	https://www.daorenjia.com/daozang30-61	no
道史仙传	神仙高道传	太上混元真录	https://www.daorenjia.com/daozang30-62	no
道史仙传	神仙高道传	混元圣记	https://www.daorenjia.com/daozang30-63	no
道史仙传	神仙高道传	太上老君年谱要略	https://www.daorenjia.com/daozang30-64	no
道史仙传	神仙高道传	太上混元老子史略	https://www.daorenjia.com/daozang30-65	no
道史仙传	神仙高道传	太上老君金书内序	https://www.daorenjia.com/daozang30-66	no
道史仙传	神仙高道传	玄元十子图	https://www.daorenjia.com/daozang30-67	no
道史仙传	神仙高道传	汉武帝内传	https://www.daorenjia.com/daozang30-68	no
道史仙传	神仙高道传	汉武帝外传	https://www.daorenjia.com/daozang30-69	no
道史仙传	神仙高道传	太极葛仙公传	https://www.daorenjia.com/daozang30-70	yes
道史仙传	神仙高道传	紫阳真人内传	https://www.daorenjia.com/daozang30-71	no
道史仙传	神仙高道传	侍帝晨东华上佐司命杨君传记	https://www.daorenjia.com/daozang30-72	no
道史仙传	神仙高道传	上清侍帝晏桐柏真人真图赞	https://www.daorenjia.com/daozang30-73	no
道史仙传	神仙高道传	华阳陶隐居内传	https://www.daorenjia.com/daozang30-74	no
道史仙传	神仙高道传	华阳陶隐居集	https://www.daorenjia.com/daozang30-75	yes
道史仙传	神仙高道传	桓真人升仙记	https://www.daorenjia.com/daozang30-76	no
道史仙传	神仙高道传	周氏冥通记	https://www.daorenjia.com/daozang30-77	no
道史仙传	神仙高道传	洞玄灵宝三师记	https://www.daorenjia.com/daozang30-78	no
道史仙传	神仙高道传	唐叶真人传	https://www.daorenjia.com/daozang30-79	yes
道史仙传	神仙高道传	叶净能诗	https://www.daorenjia.com/daozang30-80	no
道史仙传	神仙高道传	三茅真君加封事典	https://www.daorenjia.com/daozang30-81	no
道史仙传	神仙高道传	章献明肃皇后受上清毕法箓记	https://www.daorenjia.com/daozang30-82	no
道史仙传	神仙高道传	皇明恩命世录	https://www.daorenjia.com/daozang30-83	no
道史仙传	神仙高道传	汉天师世家	https://www.daorenjia.com/daozang30-84	no
道史仙传	神仙高道传	翊圣保德传	https://www.daorenjia.com/daozang30-85	no
道史仙传	神仙高道传	地祇上将温太保传	https://www.daorenjia.com/daozang30-86	no
道史仙传	神仙高道传	孝道吴许二真君传	https://www.daorenjia.com/daozang30-87	no
道史仙传	神仙高道传	西山许真君八十五化录	https://www.daorenjia.com/daozang30-88	no
道史仙传	神仙高道传	许真君仙传	https://www.daorenjia.com/daozang30-89	yes
道史仙传	神仙高道传	许太史真君图传	https://www.daorenjia.com/daozang30-90	no
道史仙传	神仙高道传	纯阳帝君神化妙通纪	https://www.daorenjia.com/daozang30-91	yes
道史仙传	神仙高道传	吕祖志	https://www.daorenjia.com/daozang30-92	yes
道史仙传	神仙高道传	凝阳董真人遇仙记	https://www.daorenjia.com/daozang30-93	no
道史仙传	神仙高道传	云阜山申仙翁传	https://www.daorenjia.com/daozang30-94	no
道史仙传	神仙高道传	庐山太平兴国官采访真君事实	https://www.daorenjia.com/daozang30-95	no
道史仙传	神仙高道传	华盖山浮丘王郭三真君事实	https://www.daorenjia.com/daozang30-96	no
道史仙传	神仙高道传	南岳九真人传	https://www.daorenjia.com/daozang30-97	no
道史仙传	神仙高道传	南岳小录	https://www.daorenjia.com/daozang30-98	yes
道史仙传	神仙高道传	长春真人西游记	https://www.daorenjia.com/daozang30-99	no
道教科仪	灯仪法忏章表	玉皇十七慈光灯仪	https://www.daorenjia.com/daozang29-1462	yes
道教科仪	灯仪法忏章表	上清十一大曜灯仪	https://www.daorenjia.com/daozang29-1463	yes
道教科仪	灯仪法忏章表	南斗延寿灯仪	https://www.daorenjia.com/daozang29-1464	yes
道教科仪	灯仪法忏章表	北斗七元星灯仪	https://www.daorenjia.com/daozang29-1465	yes
道教科仪	灯仪法忏章表	北斗本命延寿灯仪	https://www.daorenjia.com/daozang29-1466	yes
道教科仪	灯仪法忏章表	三官灯仪	https://www.daorenjia.com/daozang29-1467	yes
道教科仪	灯仪法忏章表	玄帝灯仪	https://www.daorenjia.com/daozang29-1468	yes
道教科仪	灯仪法忏章表	九天三茅司命仙灯仪	https://www.daorenjia.com/daozang29-1469	yes
道教科仪	灯仪法忏章表	万灵灯仪	https://www.daorenjia.com/daozang29-1470	yes
道教科仪	灯仪法忏章表	五显灵观大帝灯仪	https://www.daorenjia.com/daozang29-1471	yes
道教科仪	灯仪法忏章表	土司灯仪	https://www.daorenjia.com/daozang29-1472	yes
道教科仪	灯仪法忏章表	东厨司命灯仪	https://www.daorenjia.com/daozang29-1473	yes
道教科仪	灯仪法忏章表	正一殟司辟毒神灯仪	https://www.daorenjia.com/daozang29-1474	yes
道教科仪	灯仪法忏章表	离明瑞象灯仪	https://www.daorenjia.com/daozang29-1475	yes
道教科仪	灯仪法忏章表	黄箓九阳梵炁灯仪	https://www.daorenjia.com/daozang29-1476	yes
道教科仪	灯仪法忏章表	黄箓九卮灯仪	https://www.daorenjia.com/daozang29-1477	yes
道教科仪	灯仪法忏章表	黄箓破狱灯仪	https://www.daorenjia.com/daozang29-1478	yes
道教科仪	灯仪法忏章表	黄箓五苦轮灯仪	https://www.daorenjia.com/daozang29-1479	yes
道教科仪	灯仪法忏章表	太上玉清谢罪登真宝忏	https://www.daorenjia.com/daozang29-1480	yes
道教科仪	灯仪法忏章表	太上上清禳灾延寿宝忏	https://www.daorenjia.com/daozang29-1481	yes
道教科仪	灯仪法忏章表	太上泰清拔罪升天宝忏	https://www.daorenjia.com/daozang29-1482	yes
道教科仪	灯仪法忏章表	太上灵宝朝天谢罪大忏	https://www.daorenjia.com/daozang29-1483	yes
道教科仪	灯仪法忏章表	太上灵宝十方应号天尊忏	https://www.daorenjia.com/daozang29-1484	yes
道教科仪	灯仪法忏章表	太上慈悲道场消灾九幽忏	https://www.daorenjia.com/daozang29-1485	yes
道教科仪	灯仪法忏章表	太上慈悲九幽拔罪忏	https://www.daorenjia.com/daozang29-1486	yes
道教科仪	灯仪法忏章表	太上慈悲道场灭罪水忏	https://www.daorenjia.com/daozang29-1487	yes
道教科仪	灯仪法忏章表	太上玄司灭罪紫府消灾法忏	https://www.daorenjia.com/daozang29-1488	yes
道教科仪	灯仪法忏章表	太上瑶台益算宝籍延年忏	https://www.daorenjia.com/daozang29-1489	yes
道教科仪	灯仪法忏章表	青玄救苦宝忏	https://www.daorenjia.com/daozang29-1490	yes
道教科仪	灯仪法忏章表	慈尊升度宝忏	https://www.daorenjia.com/daozang29-1491	yes
道教科仪	灯仪法忏章表	太上消灭地狱升陟天堂忏	https://www.daorenjia.com/daozang29-1492	yes
道教科仪	灯仪法忏章表	太一救苦天尊说拔度血湖宝忏	https://www.daorenjia.com/daozang29-1493	yes
道教科仪	灯仪法忏章表	太上灵宝三元三官消愆灭罪忏1	https://www.daorenjia.com/daozang29-1494	yes
道教科仪	灯仪法忏章表	玉皇宥罪锡福宝忏	https://www.daorenjia.com/daozang29-1495	yes
道教科仪	灯仪法忏章表	高上玉皇满愿宝忏	https://www.daorenjia.com/daozang29-1496	yes
道教科仪	灯仪法忏章表	中天紫微星真宝忏	https://www.daorenjia.com/daozang29-1497	yes
道教科仪	灯仪法忏章表	真武灵应护世消灾灭罪宝忏	https://www.daorenjia.com/daozang29-1498	yes
道教科仪	灯仪法忏章表	北极真武普慈度世法忏	https://www.daorenjia.com/daozang29-1499	yes
道教科仪	灯仪法忏章表	东岳大生宝忏	https://www.daorenjia.com/daozang29-1500	yes
道教科仪	灯仪法忏章表	太上正一朝天三八谢罪法忏	https://www.daorenjia.com/daozang29-1501	yes
道教科仪	灯仪法忏章表	朝真发愿忏悔文	https://www.daorenjia.com/daozang29-1502	yes
道教科仪	灯仪法忏章表	洞玄灵宝河图仰谢三十六天斋仪	https://www.daorenjia.com/daozang29-1503	yes
道教科仪	灯仪法忏章表	洞玄灵宝河图仰谢三十六土皇斋仪	https://www.daorenjia.com/daozang29-1504	yes
道教科仪	灯仪法忏章表	太上洞玄灵宝天尊说罗天大醮上品妙经	https://www.daorenjia.com/daozang29-1505	yes
道教科仪	灯仪法忏章表	罗天大醮早午晚三朝科	https://www.daorenjia.com/daozang29-1506	yes
道教科仪	灯仪法忏章表	罗天大醮设醮仪	https://www.daorenjia.com/daozang29-1507	yes
道教科仪	灯仪法忏章表	上清天宝斋初夜仪	https://www.daorenjia.com/daozang29-1508	yes
道教科仪	灯仪法忏章表	太上金柜玉镜延生洞玄烛幽忏	https://www.daorenjia.com/daozang29-1509	yes
道教科仪	灯仪法忏章表	太上三五傍救醮五帝断殟仪	https://www.daorenjia.com/daozang29-1510	yes
道教科仪	灯仪法忏章表	太上消灾祈福醮仪	https://www.daorenjia.com/daozang29-1511	yes
道教科仪	灯仪法忏章表	太清道德显化仪	https://www.daorenjia.com/daozang29-1512	no
道教科仪	灯仪法忏章表	玄门报孝追荐仪	https://www.daorenjia.com/daozang29-1513	no
道教科仪	灯仪法忏章表	诸师圣诞冲举酌献仪	https://www.daorenjia.com/daozang29-1514	no
道教科仪	灯仪法忏章表	地府十王拔度仪	https://www.daorenjia.com/daozang29-1515	yes
道教科仪	灯仪法忏章表	紫皇炼度玄科	https://www.daorenjia.com/daozang29-1516	no
道教科仪	灯仪法忏章表	诸师真诰	https://www.daorenjia.com/daozang29-1517	yes
道教科仪	灯仪法忏章表	广成集	https://www.daorenjia.com/daozang29-1518	no
道教科仪	灯仪法忏章表	太上三洞表文	https://www.daorenjia.com/daozang29-1519	no
道教科仪	灯仪法忏章表	三洞赞颂灵章	https://www.daorenjia.com/daozang29-1520	no
道教科仪	灯仪法忏章表	宋真宗御制玉京集	https://www.daorenjia.com/daozang29-1521	no
道教科仪	灯仪法忏章表	玉音法事	https://www.daorenjia.com/daozang29-1522	no
道教科仪	灯仪法忏章表	大明御制玄教乐章	https://www.daorenjia.com/daozang29-1523	yes
道教科仪	灯仪法忏章表	大明玄教立成斋醮仪范	https://www.daorenjia.com/daozang29-1524	no
道教科仪	灵宝诸斋仪	敦煌本灵宝金箓斋仪(拟)	https://www.daorenjia.com/daozang28-1420	no
道教科仪	灵宝诸斋仪	金箓斋启坛仪(杜光庭集)	https://www.daorenjia.com/daozang28-1421	no
道教科仪	灵宝诸斋仪	金箓斋忏方仪(杜光庭集)	https://www.daorenjia.com/daozang28-1422	no
道教科仪	灵宝诸斋仪	金箓大斋宿启仪	https://www.daorenjia.com/daozang28-1423	no
道教科仪	灵宝诸斋仪	金箓大斋启盟仪	https://www.daorenjia.com/daozang28-1424	no
道教科仪	灵宝诸斋仪	金箓大斋补职说戒仪	https://www.daorenjia.com/daozang28-1425	no
道教科仪	灵宝诸斋仪	金箓早午晚朝仪	https://www.daorenjia.com/daozang28-1426	no
道教科仪	灵宝诸斋仪	金箓解坛仪	https://www.daorenjia.com/daozang28-1427	no
道教科仪	灵宝诸斋仪	金箓斋投简仪(张商英编)	https://www.daorenjia.com/daozang28-1428	no
道教科仪	灵宝诸斋仪	金箓斋三洞赞咏仪	https://www.daorenjia.com/daozang28-1429	no
道教科仪	灵宝诸斋仪	金箓设醮仪	https://www.daorenjia.com/daozang28-1430	no
道教科仪	灵宝诸斋仪	金箓斋放生仪	https://www.daorenjia.com/daozang28-1431	yes
道教科仪	灵宝诸斋仪	金箓祈寿早午晚朝仪	https://www.daorenjia.com/daozang28-1432	no
道教科仪	灵宝诸斋仪	金箓上寿三献仪	https://www.daorenjia.com/daozang28-1433	no
道教科仪	灵宝诸斋仪	金箓延寿设醮仪	https://www.daorenjia.com/daozang28-1434	no
道教科仪	灵宝诸斋仪	金箓玄灵转经早午晚行道仪	https://www.daorenjia.com/daozang28-1435	no
道教科仪	灵宝诸斋仪	金箓十回度人早午晚朝开收仪	https://www.daorenjia.com/daozang28-1436	no
道教科仪	灵宝诸斋仪	金箓十回度人三朝转经仪	https://www.daorenjia.com/daozang28-1437	no
道教科仪	灵宝诸斋仪	金箓资度宿启仪	https://www.daorenjia.com/daozang28-1438	no
道教科仪	灵宝诸斋仪	金箓资度解坛仪	https://www.daorenjia.com/daozang28-1439	no
道教科仪	灵宝诸斋仪	金箓资度设醮仪	https://www.daorenjia.com/daozang28-1440	no
道教科仪	灵宝诸斋仪	金箓资度早午晚朝仪	https://www.daorenjia.com/daozang28-1441	no
道教科仪	灵宝诸斋仪	金箓生神资度转经仪	https://www.daorenjia.com/daozang28-1442	no
道教科仪	灵宝诸斋仪	金箓生神资度开收仪	https://www.daorenjia.com/daozang28-1443	no
道教科仪	灵宝诸斋仪	金箓三日九朝仪	https://www.daorenjia.com/daozang28-1444	no
道教科仪	灵宝诸斋仪	金箓济幽判斛仪	https://www.daorenjia.com/daozang28-1445	no
道教科仪	灵宝诸斋仪	太上黄箓斋仪(杜光庭编)	https://www.daorenjia.com/daozang28-1446	no
道教科仪	灵宝诸斋仪	无上黄箓大斋立成仪	https://www.daorenjia.com/daozang28-1447	no
道教科仪	灵宝诸斋仪	黄箓救苦十斋转经仪	https://www.daorenjia.com/daozang28-1448	yes
道教科仪	灵宝诸斋仪	黄箓十念仪	https://www.daorenjia.com/daozang28-1449	yes
道教科仪	灵宝诸斋仪	黄箓五老悼亡仪	https://www.daorenjia.com/daozang28-1450	no
道教科仪	灵宝诸斋仪	黄箓斋十天尊仪	https://www.daorenjia.com/daozang28-1451	no
道教科仪	灵宝诸斋仪	黄箓斋十洲三岛拔度仪	https://www.daorenjia.com/daozang28-1452	no
道教科仪	灵宝诸斋仪	黄箓九幽醮无碍夜斋次第仪	https://www.daorenjia.com/daozang28-1453	no
道教科仪	灵宝诸斋仪	太上灵宝玉匮明真斋忏方仪	https://www.daorenjia.com/daozang28-1454	no
道教科仪	灵宝诸斋仪	太上灵宝玉匮明真大斋忏方仪	https://www.daorenjia.com/daozang28-1455	no
道教科仪	灵宝诸斋仪	太上灵宝玉匮明真斋言功仪	https://www.daorenjia.com/daozang28-1456	no
道教科仪	灵宝诸斋仪	洞玄灵宝八节斋宿启仪	https://www.daorenjia.com/daozang28-1457	no
道教科仪	灵宝诸斋仪	洞玄灵宝自然斋戒威仪经(拟)	https://www.daorenjia.com/daozang28-1458	no
道教科仪	灵宝诸斋仪	洞玄灵宝自然斋仪	https://www.daorenjia.com/daozang28-1459	no
道教科仪	灵宝诸斋仪	洞玄灵宝自然斋券仪	https://www.daorenjia.com/daozang28-1460	no
道教科仪	灵宝诸斋仪	灵宝半景斋仪	https://www.daorenjia.com/daozang28-1461	no
道教科仪	科戒威仪	洞玄灵宝三洞奉道科戒营始	https://www.daorenjia.com/daozang27-1385	yes
道教科仪	科戒威仪	三洞奉道科戒仪范(敦煌本)	https://www.daorenjia.com/daozang27-1386	yes
道教科仪	科戒威仪	洞玄灵宝道学科仪	https://www.daorenjia.com/daozang27-1387	yes
道教科仪	科戒威仪	洞玄灵宝千真科	https://www.daorenjia.com/daozang27-1388	yes
道教科仪	科戒威仪	三洞道士居山修炼科	https://www.daorenjia.com/daozang27-1389	yes
道教科仪	科戒威仪	太上洞玄灵宝法身制论	https://www.daorenjia.com/daozang27-1390	yes
道教科仪	科戒威仪	洞玄灵宝钟磬威仪经	https://www.daorenjia.com/daozang27-1391	yes
道教科仪	科戒威仪	玄门十事威仪	https://www.daorenjia.com/daozang27-1392	yes
道教科仪	科戒威仪	神人所说三元威仪观行经(敦煌本)	https://www.daorenjia.com/daozang27-1393	yes
道教科仪	科戒威仪	正一威仪经	https://www.daorenjia.com/daozang27-1394	yes
道教科仪	科戒威仪	正一修真略仪	https://www.daorenjia.com/daozang27-1395	yes
道教科仪	科戒威仪	传授三洞经戒法箓略说	https://www.daorenjia.com/daozang27-1396	yes
道教科仪	科戒威仪	洞玄灵宝道士受三洞经诫法箓择日历	https://www.daorenjia.com/daozang27-1397	yes
道教科仪	科戒威仪	洞玄灵宝三师名讳形状居观方所文	https://www.daorenjia.com/daozang27-1398	yes
道教科仪	科戒威仪	醮三洞真文五法正一盟威箓立成仪	https://www.daorenjia.com/daozang27-1399	yes
道教科仪	科戒威仪	三洞众戒文	https://www.daorenjia.com/daozang27-1400	yes
道教科仪	科戒威仪	三洞法服科戒文	https://www.daorenjia.com/daozang27-1401	yes
道教科仪	科戒威仪	受箓次第法信仪	https://www.daorenjia.com/daozang27-1402	yes
道教科仪	科戒威仪	要修科仪戒律钞	https://www.daorenjia.com/daozang27-1403	yes
道教科仪	科戒威仪	斋戒录	https://www.daorenjia.com/daozang27-1404	yes
道教科仪	科戒威仪	玄坛刊误论	https://www.daorenjia.com/daozang27-1405	yes
道教科仪	科戒威仪	三洞修道仪	https://www.daorenjia.com/daozang27-1406	yes
道教科仪	科戒威仪	太上出家传度仪	https://www.daorenjia.com/daozang27-1407	yes
道教科仪	科戒威仪	道门科范大全集	https://www.daorenjia.com/daozang27-1408	yes
道教科仪	科戒威仪	道门通教必要集	https://www.daorenjia.com/daozang27-1409	no
道教科仪	科戒威仪	道门定制	https://www.daorenjia.com/daozang27-1410	no
道教科仪	科戒威仪	道门十规	https://www.daorenjia.com/daozang27-1411	yes
道教科仪	科戒威仪	虚皇天尊初真十戒文	https://www.daorenjia.com/daozang27-1412	yes
道教科仪	科戒威仪	洞玄灵宝天尊说十戒经	https://www.daorenjia.com/daozang27-1413	no
道教科仪	科戒威仪	天尊说禁戒经	https://www.daorenjia.com/daozang27-1414	no
道教科仪	科戒威仪	赤松子中诫经	https://www.daorenjia.com/daozang27-1415	yes
道教科仪	科戒威仪	唐太古妙应孙真人福寿论	https://www.daorenjia.com/daozang27-1416	yes
道教科仪	科戒威仪	太上感应篇	https://www.daorenjia.com/daozang27-1417	yes
道教科仪	科戒威仪	太微仙君功过格	https://www.daorenjia.com/daozang27-1418	yes
道教科仪	科戒威仪	水镜录	https://www.daorenjia.com/daozang27-1419	yes
道教论集	全真文集	纯阳真人浑成集	https://www.daorenjia.com/daozang23-1105	yes
道教论集	全真文集	重阳立教十五论	https://www.daorenjia.com/daozang23-1106	yes
道教论集	全真文集	重阳全真集	https://www.daorenjia.com/daozang23-1107	yes
道教论集	全真文集	重阳教化集	https://www.daorenjia.com/daozang23-1108	yes
道教论集	全真文集	重阳分梨十化集	https://www.daorenjia.com/daozang23-1109	yes
道教论集	全真文集	重阳真人授丹阳二十四诀	https://www.daorenjia.com/daozang23-1110	yes
道教论集	全真文集	重阳真人金关玉锁诀	https://www.daorenjia.com/daozang23-1111	yes
道教论集	全真文集	丹阳真人语录	https://www.daorenjia.com/daozang23-1112	yes
道教论集	全真文集	丹阳真人直言	https://www.daorenjia.com/daozang23-1113	yes
道教论集	全真文集	洞玄金玉集	https://www.daorenjia.com/daozang23-1114	yes
道教论集	全真文集	丹阳神光灿	https://www.daorenjia.com/daozang23-1115	yes
道教论集	全真文集	渐悟集	https://www.daorenjia.com/daozang23-1116	yes
道教论集	全真文集	水云集	https://www.daorenjia.com/daozang23-1117	yes
道教论集	全真文集	无为清静长生真人至真语录	https://www.daorenjia.com/daozang23-1118	yes
道教论集	全真文集	仙乐集	https://www.daorenjia.com/daozang23-1119	yes
道教论集	全真文集	磻溪集	https://www.daorenjia.com/daozang23-1120	yes
道教论集	全真文集	大丹直指	https://www.daorenjia.com/daozang23-1121	yes
道教论集	全真文集	云光集	https://www.daorenjia.com/daozang23-1122	yes
道教论集	全真文集	太古集	https://www.daorenjia.com/daozang23-1123	yes
道教论集	全真文集	晋真人语录	https://www.daorenjia.com/daozang23-1124	yes
道教论集	全真文集	草堂集	https://www.daorenjia.com/daozang23-1125	yes
道教论集	全真文集	清和真人北游语录	https://www.daorenjia.com/daozang23-1126	yes
道教论集	全真文集	葆光集	https://www.daorenjia.com/daozang23-1127	yes
道教论集	全真文集	盘山栖云王真人语录	https://www.daorenjia.com/daozang23-1128	yes
道教论集	全真文集	云山集	https://www.daorenjia.com/daozang23-1129	yes
道教论集	全真文集	离峰老人集	https://www.daorenjia.com/daozang23-1130	yes
道教论集	全真文集	真仙直指语录	https://www.daorenjia.com/daozang23-1131	yes
道教论集	全真文集	诸真内丹集要	https://www.daorenjia.com/daozang23-1132	yes
道教论集	全真文集	上乘修真三要	https://www.daorenjia.com/daozang23-1133	yes
道教论集	全真文集	道禅集	https://www.daorenjia.com/daozang23-1134	yes
道教论集	全真文集	悟真集	https://www.daorenjia.com/daozang23-1135	yes
道教论集	全真文集	洞渊集(长筌子)	https://www.daorenjia.com/daozang23-1136	yes
道教论集	全真文集	上清太玄集	https://www.daorenjia.com/daozang23-1137	no
道教论集	全真文集	上清太玄鉴诫论	https://www.daorenjia.com/daozang23-1138	yes
道教论集	全真文集	上清太玄九阳图	https://www.daorenjia.com/daozang23-1139	yes
道教论集	全真文集	析疑指迷论	https://www.daorenjia.com/daozang23-1140	no
道教论集	全真文集	云宫法语	https://www.daorenjia.com/daozang23-1141	no
道教论集	全真文集	中和集	https://www.daorenjia.com/daozang23-1142	no
道教论集	全真文集	清庵莹蟾子语录	https://www.daorenjia.com/daozang23-1143	no
道教论集	全真文集	全真集玄秘要	https://www.daorenjia.com/daozang23-1144	no
道教论集	全真文集	三天易髓	https://www.daorenjia.com/daozang23-1145	no
道教论集	全真文集	会真集	https://www.daorenjia.com/daozang23-1146	no
道教论集	全真文集	启真集	https://www.daorenjia.com/daozang23-1147	yes
道教论集	全真文集	自然集	https://www.daorenjia.com/daozang23-1148	yes
道教论集	全真文集	西云集	https://www.daorenjia.com/daozang23-1149	no
道教论集	全真文集	纸舟先生全真直指	https://www.daorenjia.com/daozang23-1150	no
道教论集	全真文集	抱一子三峰老人丹诀	https://www.daorenjia.com/daozang23-1151	no
道教论集	全真文集	抱一函三秘诀	https://www.daorenjia.com/daozang23-1152	no
道教论集	全真文集	玄虚子鸣真集	https://www.daorenjia.com/daozang23-1153	yes
道教论集	全真文集	玄教大公案	https://www.daorenjia.com/daozang23-1154	yes
道教论集	全真文集	玄宗直指万法同归	https://www.daorenjia.com/daozang23-1155	no
道教论集	全真文集	上阳子金丹大要	https://www.daorenjia.com/daozang23-1156	no
道教论集	全真文集	上阳子金丹大要图	https://www.daorenjia.com/daozang23-1157	no
道教论集	全真文集	上阳子金丹大要列仙志	https://www.daorenjia.com/daozang23-1158	no
道教论集	全真文集	上阳子金丹大要仙派	https://www.daorenjia.com/daozang23-1159	no
道教论集	全真文集	修炼须知	https://www.daorenjia.com/daozang23-1160	yes
道教论集	全真文集	陈虚白规中指南	https://www.daorenjia.com/daozang23-1161	no
道教论集	全真文集	鸣鹤余音	https://www.daorenjia.com/daozang23-1162	no
道教论集	全真文集	全真清规	https://www.daorenjia.com/daozang23-1163	yes
道教论集	全真文集	全真坐钵捷法	https://www.daorenjia.com/daozang23-1164	no
道教论集	全真文集	还真集	https://www.daorenjia.com/daozang23-1165	no
道教论集	全真文集	道玄篇	https://www.daorenjia.com/daozang23-1166	no
道教论集	全真文集	青天歌注释	https://www.daorenjia.com/daozang23-1167	yes
道教论集	全真文集	崔公入药镜注解	https://www.daorenjia.com/daozang23-1168	yes
道教论集	全真文集	随机应化录	https://www.daorenjia.com/daozang23-1169	no
道教论集	全真文集	群仙要语纂集	https://www.daorenjia.com/daozang23-1170	no
道教论集	全真文集	原阳子法语	https://www.daorenjia.com/daozang23-1171	no
道教论集	诸子文集	墨子	https://www.daorenjia.com/daozang21-1063	no
道教论集	诸子文集	孙子注解	https://www.daorenjia.com/daozang21-1064	no
道教论集	诸子文集	孙子遗说	https://www.daorenjia.com/daozang21-1065	no
道教论集	诸子文集	公孙龙子	https://www.daorenjia.com/daozang21-1066	yes
道教论集	诸子文集	尹文子	https://www.daorenjia.com/daozang21-1067	yes
道教论集	诸子文集	韩非子	https://www.daorenjia.com/daozang21-1068	no
道教论集	诸子文集	鬻子	https://www.daorenjia.com/daozang21-1069	no
道教论集	诸子文集	子华子	https://www.daorenjia.com/daozang21-1070	yes
道教论集	诸子文集	鹖冠子	https://www.daorenjia.com/daozang21-1071	no
道教论集	诸子文集	黄石公素书(魏鲁注本)	https://www.daorenjia.com/daozang21-1072	yes
道教论集	诸子文集	黄石公素书(张商英注本)	https://www.daorenjia.com/daozang21-1073	yes
道教论集	诸子文集	淮南鸿烈解	https://www.daorenjia.com/daozang21-1074	no
道教论集	诸子文集	鬼谷子	https://www.daorenjia.com/daozang21-1075	no
道教论集	诸子文集	抱朴子内篇	https://www.daorenjia.com/daozang21-1076	yes
道教论集	诸子文集	抱朴子外篇	https://www.daorenjia.com/daozang21-1077	yes
道教论集	诸子文集	刘子	https://www.daorenjia.com/daozang21-1078	no
道教论集	诸子文集	素履子	https://www.daorenjia.com/daozang21-1079	yes
道教论集	诸子文集	无能子	https://www.daorenjia.com/daozang21-1080	no
道教论集	诸子文集	太平两同书	https://www.daorenjia.com/daozang21-1081	no
道教论集	诸子文集	意林	https://www.daorenjia.com/daozang21-1082	no
道教论集	诸子文集	伊川击壤集	https://www.daorenjia.com/daozang21-1083	no
道教论集	诸子文集	勿斋先生文集	https://www.daorenjia.com/daozang21-1084	no
道教论集	诸子文集	弘道录	https://www.daorenjia.com/daozang21-1085	no
道教论集	道学论著	玄珠录	https://www.daorenjia.com/daozang22-1086	yes
道教论集	道学论著	道体论	https://www.daorenjia.com/daozang22-1087	yes
道教论集	道学论著	坐忘论	https://www.daorenjia.com/daozang22-1088	yes
道教论集	道学论著	天隐子	https://www.daorenjia.com/daozang22-1089	yes
道教论集	道学论著	宗玄先生文集	https://www.daorenjia.com/daozang22-1090	no
道教论集	道学论著	宗玄先生玄纲论	https://www.daorenjia.com/daozang22-1091	no
道教论集	道学论著	心目论	https://www.daorenjia.com/daozang22-1092	yes
道教论集	道学论著	三论元旨	https://www.daorenjia.com/daozang22-1093	no
道教论集	道学论著	大道论	https://www.daorenjia.com/daozang22-1094	no
道教论集	道学论著	乾元子三始论	https://www.daorenjia.com/daozang22-1095	yes
道教论集	道学论著	玄真子外篇	https://www.daorenjia.com/daozang22-1096	no
道教论集	道学论著	化书	https://www.daorenjia.com/daozang22-1097	yes
道教论集	道学论著	庄列十论	https://www.daorenjia.com/daozang22-1098	yes
道教论集	道学论著	太虚心渊篇	https://www.daorenjia.com/daozang22-1099	yes
道教论集	道学论著	三要达道篇	https://www.daorenjia.com/daozang22-1100	yes
道教论集	道学论著	六根归道篇	https://www.daorenjia.com/daozang22-1101	yes
道教论集	道学论著	明真破妄章颂	https://www.daorenjia.com/daozang22-1102	yes
道教论集	道学论著	三十代天师虚靖真君语录	https://www.daorenjia.com/daozang22-1103	yes
道教论集	道学论著	岘泉集	https://www.daorenjia.com/daozang22-1104	no
道教论集	道教类书	无上秘要	https://www.daorenjia.com/daozang24-1172	no
道教论集	道教类书	大道通玄要(敦煌本)	https://www.daorenjia.com/daozang24-1173	no
道教论集	道教类书	敦煌失题道教类书(敦煌本)	https://www.daorenjia.com/daozang24-1174	no
道教论集	道教类书	道典论	https://www.daorenjia.com/daozang24-1175	no
道教论集	道教类书	道要灵祇神鬼品经	https://www.daorenjia.com/daozang24-1176	no
道教论集	道教类书	上清道类事相	https://www.daorenjia.com/daozang24-1177	no
道教论集	道教类书	三洞珠囊	https://www.daorenjia.com/daozang24-1178	no
道教论集	道教类书	上清道宝经	https://www.daorenjia.com/daozang24-1179	no
道教论集	道教类书	太平御览(道部)	https://www.daorenjia.com/daozang24-1180	no
道教论集	道教类书	道书援神契	https://www.daorenjia.com/daozang24-1181	no
道教论集	道教类书	天皇至道太清玉册	https://www.daorenjia.com/daozang24-1182	no
道教论集	道教类书	云笈七签	https://www.daorenjia.com/daozang24-1183	no
道法众术	道法总集	太玄金锁流珠引	https://www.daorenjia.com/daozang26-1375	no
道法众术	道法总集	上清灵宝大法（宁全真）	https://www.daorenjia.com/daozang26-1376	no
道法众术	道法总集	上清灵宝大法（金允中）	https://www.daorenjia.com/daozang26-1377	no
道法众术	道法总集	灵宝无量度人上品妙经	https://www.daorenjia.com/daozang26-1378	no
道法众术	道法总集	元始无量度人上品妙经直音	https://www.daorenjia.com/daozang26-1379	yes
道法众术	道法总集	灵宝无量度人上经大法	https://www.daorenjia.com/daozang26-1380	no
道法众术	道法总集	灵宝玉鉴	https://www.daorenjia.com/daozang26-1381	no
道法众术	道法总集	道法会元	https://www.daorenjia.com/daozang26-1382	no
道法众术	道法总集	灵宝领教济度金书	https://www.daorenjia.com/daozang26-1383	no
道法众术	道法总集	法海遗珠	https://www.daorenjia.com/daozang26-1384	no
道法众术	道法诸经	太上洞渊神咒经	https://www.daorenjia.com/daozang25-1184	yes
道法众术	道法诸经	太上洞渊神咒经(敦煌本)	https://www.daorenjia.com/daozang25-1185	no
道法众术	道法诸经	洞玄灵宝飞仙上品妙经	https://www.daorenjia.com/daozang25-1186	yes
道法众术	道法诸经	上元经(敦煌本)	https://www.daorenjia.com/daozang25-1187	no
道法众术	道法诸经	太上洞渊北帝天蓬护命消灾神咒妙经	https://www.daorenjia.com/daozang25-1188	yes
道法众术	道法诸经	太上洞渊辞瘟神咒妙经	https://www.daorenjia.com/daozang25-1189	yes
道法众术	道法诸经	太上洞渊说请雨龙王经	https://www.daorenjia.com/daozang25-1190	yes
道法众术	道法诸经	太上召诸神龙安镇坟墓经	https://www.daorenjia.com/daozang25-1191	yes
道法众术	道法诸经	太上洞渊三昧帝心光明正印太极紫微伏魔制鬼拯救恶道集福吉祥神咒	https://www.daorenjia.com/daozang25-1192	yes
道法众术	道法诸经	太上洞神洞渊神咒治病口章	https://www.daorenjia.com/daozang25-1193	yes
道法众术	道法诸经	太上洞渊神咒斋仪(敦煌本)	https://www.daorenjia.com/daozang25-1194	no
道法众术	道法诸经	太上洞渊三昧神咒斋忏谢仪	https://www.daorenjia.com/daozang25-1195	yes
道法众术	道法诸经	太上洞渊三昧神呪斋十方忏仪	https://www.daorenjia.com/daozang25-1196	yes
道法众术	道法诸经	太上洞渊三昧神咒斋清旦行道仪	https://www.daorenjia.com/daozang25-1197	yes
道法众术	道法诸经	洞真太极北帝紫微神咒妙经	https://www.daorenjia.com/daozang25-1198	yes
道法众术	道法诸经	太上元始天尊说北帝伏魔神咒妙经	https://www.daorenjia.com/daozang25-1199	yes
道法众术	道法诸经	太上北极伏魔神咒杀鬼箓	https://www.daorenjia.com/daozang25-1200	yes
道法众术	道法诸经	北帝伏魔经法建坛仪	https://www.daorenjia.com/daozang25-1201	yes
道法众术	道法诸经	伏魔经坛谢恩醮仪	https://www.daorenjia.com/daozang25-1202	yes
道法众术	道法诸经	北帝说豁落七元经	https://www.daorenjia.com/daozang25-1203	yes
道法众术	道法诸经	七元真诀语驱疫秘经	https://www.daorenjia.com/daozang25-1204	yes
道法众术	道法诸经	七元璇玑召魔品经	https://www.daorenjia.com/daozang25-1205	yes
道法众术	道法诸经	元始说度酆都经	https://www.daorenjia.com/daozang25-1206	yes
道法众术	道法诸经	七元召魔伏六天神咒经	https://www.daorenjia.com/daozang25-1207	yes
道法众术	道法诸经	七元真人说神真灵符经	https://www.daorenjia.com/daozang25-1208	yes
道法众术	道法诸经	太上紫微中天七元真经	https://www.daorenjia.com/daozang25-1209	yes
道法众术	道法诸经	北帝七元紫庭延生秘诀	https://www.daorenjia.com/daozang25-1210	yes
道法众术	道法诸经	上清天心正法	https://www.daorenjia.com/daozang25-1211	yes
道法众术	道法诸经	上清北极天心正法	https://www.daorenjia.com/daozang25-1212	yes
道法众术	道法诸经	上清骨髓灵文鬼律	https://www.daorenjia.com/daozang25-1213	yes
道法众术	道法诸经	天心正法修真道场设醮仪	https://www.daorenjia.com/daozang25-1214	yes
道法众术	道法诸经	太上助国救民总真秘要	https://www.daorenjia.com/daozang25-1215	yes
道法众术	道法诸经	无上玄元三天玉堂大法	https://www.daorenjia.com/daozang25-1216	yes
道法众术	道法诸经	无上三天玉堂正宗高奔内景玉书	https://www.daorenjia.com/daozang25-1217	yes
道法众术	道法诸经	太上说紫微神兵护国消魔经	https://www.daorenjia.com/daozang25-1218	yes
道法众术	道法诸经	元始天尊说北方真武妙经	https://www.daorenjia.com/daozang25-1219	yes
道法众术	道法诸经	太上说玄天大圣真武本传神咒妙经	https://www.daorenjia.com/daozang25-1220	yes
道法众术	道法诸经	太上说玄天大圣真武本传神咒妙经注	https://www.daorenjia.com/daozang25-1221	no
道法众术	道法诸经	太上玄天真武无上将军箓	https://www.daorenjia.com/daozang25-1222	yes
道法众术	道法诸经	真武灵应真君增上佑圣尊号册文	https://www.daorenjia.com/daozang25-1223	yes
道法众术	道法诸经	北极真武佑圣真君礼文	https://www.daorenjia.com/daozang25-1224	yes
道法众术	道法诸经	太上元始天尊说宝月光皇后圣母天尊孔雀明王经	https://www.daorenjia.com/daozang25-1225	no
道法众术	道法诸经	玄天上帝百字圣号	https://www.daorenjia.com/daozang25-1226	yes
道法众术	道法诸经	玄天上帝说报父母恩重经	https://www.daorenjia.com/daozang25-1227	yes
道法众术	道法诸经	玄天上帝启圣录	https://www.daorenjia.com/daozang25-1228	no
道法众术	道法诸经	玄天上帝启圣灵异录	https://www.daorenjia.com/daozang25-1229	no
道法众术	道法诸经	大明玄天上帝瑞应图录	https://www.daorenjia.com/daozang25-1230	yes
道法众术	道法诸经	御制真武庙碑	https://www.daorenjia.com/daozang25-1231	yes
道法众术	道法诸经	上方灵宝无极至道开化真经	https://www.daorenjia.com/daozang25-1232	no
道法众术	道法诸经	上方钧天演范真经	https://www.daorenjia.com/daozang25-1233	no
道法众术	道法诸经	上方天尊说真元通仙道经	https://www.daorenjia.com/daozang25-1234	no
道法众术	道法诸经	上方大洞真元妙经品	https://www.daorenjia.com/daozang25-1235	no
道法众术	道法诸经	上方大洞真元妙经图	https://www.daorenjia.com/daozang25-1236	no
道法众术	道法诸经	上方大洞真元阴阳陟降图书后解	https://www.daorenjia.com/daozang25-1237	no
道法众术	道法诸经	上方大洞真元图书继说终篇	https://www.daorenjia.com/daozang25-1238	no
道法众术	道法诸经	渊源道妙洞真继篇	https://www.daorenjia.com/daozang25-1239	no
道法众术	道法诸经	清微仙谱	https://www.daorenjia.com/daozang25-1240	no
道法众术	道法诸经	清微丹诀	https://www.daorenjia.com/daozang25-1241	yes
道法众术	道法诸经	清微斋法	https://www.daorenjia.com/daozang25-1242	no
道法众术	道法诸经	清微神烈秘法	https://www.daorenjia.com/daozang25-1243	no
道法众术	道法诸经	清微元降大法	https://www.daorenjia.com/daozang25-1244	no
道法众术	道法诸经	清微玄枢奏告仪	https://www.daorenjia.com/daozang25-1245	no
道法众术	道法诸经	高上神霄宗师受经式	https://www.daorenjia.com/daozang25-1246	yes
道法众术	道法诸经	高上神霄玉清真王紫书大法	https://www.daorenjia.com/daozang25-1247	no
道法众术	道法诸经	无上九霄玉清大梵紫微玄都雷霆玉经	https://www.daorenjia.com/daozang25-1248	yes
道法众术	道法诸经	九天应元雷声普化天尊玉枢宝经	https://www.daorenjia.com/daozang25-1249	yes
道法众术	道法诸经	九天应元雷声普化天尊玉枢宝经集注	https://www.daorenjia.com/daozang25-1250	yes
道法众术	道法诸经	九天应元雷声普化天尊玉枢宝忏	https://www.daorenjia.com/daozang25-1251	yes
道法众术	道法诸经	雷霆玉枢宥罪法忏	https://www.daorenjia.com/daozang25-1252	yes
道法众术	道法诸经	太上说朝天谢雷真经	https://www.daorenjia.com/daozang25-1253	yes
道法众术	道法诸经	冲虚通妙侍宸王先生家话	https://www.daorenjia.com/daozang25-1254	yes
道法众术	道法诸经	雷法议玄篇	https://www.daorenjia.com/daozang25-1255	yes
道法众术	道法诸经	道法心传	https://www.daorenjia.com/daozang25-1256	no
道法众术	道法诸经	明道篇	https://www.daorenjia.com/daozang25-1257	yes
道法众术	道法诸经	道法宗旨图衍义	https://www.daorenjia.com/daozang25-1258	no
道法众术	道法诸经	雨旸气候亲机	https://www.daorenjia.com/daozang25-1259	no
道法众术	道法诸经	元始洞真慈善孝子报恩成道经	https://www.daorenjia.com/daozang25-1260	no
道法众术	道法诸经	太上洞玄灵宝八仙王教诫经	https://www.daorenjia.com/daozang25-1261	no
道法众术	道法诸经	洞玄灵宝道要经	https://www.daorenjia.com/daozang25-1262	no
道法众术	道法诸经	太上灵宝净明法序	https://www.daorenjia.com/daozang25-1263	yes
道法众术	道法诸经	太上灵宝净明入道品	https://www.daorenjia.com/daozang25-1264	yes
道法众术	道法诸经	太上灵宝净明法印式	https://www.daorenjia.com/daozang25-1265	no
道法众术	道法诸经	太上灵宝净明洞神上品经	https://www.daorenjia.com/daozang25-1266	no
道法众术	道法诸经	太上灵宝净明秘法篇	https://www.daorenjia.com/daozang25-1267	no
道法众术	道法诸经	高上月宫太阴元君孝道仙王灵宝净明黄素书	https://www.daorenjia.com/daozang25-1268	no
道法众术	道法诸经	灵宝净明黄素书释义秘诀	https://www.daorenjia.com/daozang25-1269	no
道法众术	道法诸经	太上洞玄灵宝飞仙度人经法	https://www.daorenjia.com/daozang25-1270	no
道法众术	道法诸经	太上净明院补奏职局太玄都省须知	https://www.daorenjia.com/daozang25-1271	no
道法众术	道法诸经	天枢院都司须知格	https://www.daorenjia.com/daozang25-1272	no
道法众术	道法诸经	天枢院都司须知令	https://www.daorenjia.com/daozang25-1273	no
道法众术	道法诸经	天枢院都司须知行遣式	https://www.daorenjia.com/daozang25-1274	no
道法众术	道法诸经	灵宝净明天枢都司法院须知法文	https://www.daorenjia.com/daozang25-1275	no
道法众术	道法诸经	灵宝净明院行遣式	https://www.daorenjia.com/daozang25-1276	no
道法众术	道法诸经	灵宝净明院教师周真公起请画	https://www.daorenjia.com/daozang25-1277	no
道法众术	道法诸经	灵宝净明院真师密诰	https://www.daorenjia.com/daozang25-1278	no
道法众术	道法诸经	上清天枢院回车毕道正法	https://www.daorenjia.com/daozang25-1279	no
道法众术	道法诸经	灵宝净明新修九老神印伏魔秘法	https://www.daorenjia.com/daozang25-1280	no
道法众术	道法诸经	许真君受炼形神上清毕道法要节文	https://www.daorenjia.com/daozang25-1281	no
道法众术	道法诸经	灵宝净明大法万道玉章秘诀	https://www.daorenjia.com/daozang25-1282	no
道法众术	道法诸经	太上灵宝净明玉真枢真经	https://www.daorenjia.com/daozang25-1283	no
道法众术	道法诸经	太上灵宝净明道元正印经	https://www.daorenjia.com/daozang25-1284	no
道法众术	道法诸经	太上灵宝净明天尊说御殟经	https://www.daorenjia.com/daozang25-1285	no
道法众术	道法诸经	太上灵宝净明九仙水经	https://www.daorenjia.com/daozang25-1286	no
道法众术	道法诸经	太上灵宝首入净明四规明鉴经	https://www.daorenjia.com/daozang25-1287	no
道法众术	道法诸经	太上灵宝净明中黄八柱经	https://www.daorenjia.com/daozang25-1288	no
道法众术	道法诸经	净明忠孝全书	https://www.daorenjia.com/daozang25-1289	no
道法众术	道法诸经	灵剑子	https://www.daorenjia.com/daozang25-1290	yes
道法众术	道法诸经	灵剑子引导子午记	https://www.daorenjia.com/daozang25-1291	yes
道法众术	道法诸经	灵宝归空诀	https://www.daorenjia.com/daozang25-1292	no
道法众术	道法诸经	神功妙济真君礼文	https://www.daorenjia.com/daozang25-1293	no
道法众术	道法诸经	灵宝天尊说洪恩灵济真君妙经	https://www.daorenjia.com/daozang25-1294	no
道法众术	道法诸经	洪恩灵济真君事实	https://www.daorenjia.com/daozang25-1295	no
道法众术	道法诸经	洪恩灵济真君自然行道义	https://www.daorenjia.com/daozang25-1296	no
道法众术	道法诸经	洪恩灵济真君集福宿启仪	https://www.daorenjia.com/daozang25-1297	no
道法众术	道法诸经	洪恩灵济真君集福早朝仪	https://www.daorenjia.com/daozang25-1298	no
道法众术	道法诸经	洪恩灵济真君集福午朝仪	https://www.daorenjia.com/daozang25-1299	no
道法众术	道法诸经	洪恩灵济真君集福晚朝仪	https://www.daorenjia.com/daozang25-1300	no
道法众术	道法诸经	洪恩灵济真君祈谢设醮科	https://www.daorenjia.com/daozang25-1301	no
道法众术	道法诸经	洪恩灵济真君七政星灯仪	https://www.daorenjia.com/daozang25-1302	no
道法众术	道法诸经	洪恩灵济真君礼愿文	https://www.daorenjia.com/daozang25-1303	no
道法众术	道法诸经	徐仙翰藻	https://www.daorenjia.com/daozang25-1304	no
道法众术	道法诸经	徐仙真录	https://www.daorenjia.com/daozang25-1305	no
道法众术	道法诸经	赞灵集	https://www.daorenjia.com/daozang25-1306	no
道法众术	道法诸经	灵棋本章正经	https://www.daorenjia.com/daozang25-1307	no
道法众术	道法诸经	灵棋卜法	https://www.daorenjia.com/daozang25-1308	no
道法众术	道法诸经	灵信经旨	https://www.daorenjia.com/daozang25-1309	no
道法众术	道法诸经	扶天广圣如意灵签	https://www.daorenjia.com/daozang25-1310	no
道法众术	道法诸经	四圣真君灵签	https://www.daorenjia.com/daozang25-1311	no
道法众术	道法诸经	玄真灵应宝签	https://www.daorenjia.com/daozang25-1312	no
道法众术	道法诸经	大慈好生九天卫房圣母元君灵应宝签	https://www.daorenjia.com/daozang25-1313	no
道法众术	道法诸经	护国嘉济江东王灵签	https://www.daorenjia.com/daozang25-1314	no
道法众术	道法诸经	洪恩灵济真君灵签	https://www.daorenjia.com/daozang25-1315	no
道法众术	道法诸经	灵济真君注生堂灵签	https://www.daorenjia.com/daozang25-1316	no
道法众术	道法诸经	黄帝龙首经	https://www.daorenjia.com/daozang25-1317	no
道法众术	道法诸经	黄帝金匮玉衡经	https://www.daorenjia.com/daozang25-1318	no
道法众术	道法诸经	黄帝授三子玄女经	https://www.daorenjia.com/daozang25-1319	yes
道法众术	道法诸经	黄帝宅经	https://www.daorenjia.com/daozang25-1320	yes
道法众术	道法诸经	儒门崇理折衷堪舆完孝录	https://www.daorenjia.com/daozang25-1321	no
道法众术	道法诸经	通占大象历星经	https://www.daorenjia.com/daozang25-1322	no
道法众术	道法诸经	太上洞神五星赞	https://www.daorenjia.com/daozang25-1323	yes
道法众术	道法诸经	盘天经	https://www.daorenjia.com/daozang25-1324	no
道法众术	道法诸经	秤星灵台秘要经	https://www.daorenjia.com/daozang25-1325	no
道法众术	道法诸经	灵台经	https://www.daorenjia.com/daozang25-1326	no
道法众术	道法诸经	紫微斗数	https://www.daorenjia.com/daozang25-1327	yes
道法众术	道法诸经	玄精碧匣灵宝聚玄经	https://www.daorenjia.com/daozang25-1328	no
道法众术	道法诸经	六十甲子本命元辰历	https://www.daorenjia.com/daozang25-1329	no
道法众术	道法诸经	元辰章醮立成历	https://www.daorenjia.com/daozang25-1330	no
道法众术	道法诸经	九天上圣秘传金符经	https://www.daorenjia.com/daozang25-1331	no
道法众术	道法诸经	邓天君玄灵八门报应内旨	https://www.daorenjia.com/daozang25-1332	no
道法众术	道法诸经	许真君玉匣记	https://www.daorenjia.com/daozang25-1333	yes
道法众术	道法诸经	虚静冲和先生徐神翁语录	https://www.daorenjia.com/daozang25-1334	no
道法众术	道法诸经	秘藏通玄变化六阴洞微遁甲真经	https://www.daorenjia.com/daozang25-1335	no
道法众术	道法诸经	太上六壬明鉴符阴经	https://www.daorenjia.com/daozang25-1336	no
道法众术	道法诸经	太上洞神玄妙白猿真经	https://www.daorenjia.com/daozang25-1337	no
道法众术	道法诸经	太上登真三矫灵应经	https://www.daorenjia.com/daozang25-1338	no
道法众术	道法诸经	黄帝太乙八门入式诀	https://www.daorenjia.com/daozang25-1339	no
道法众术	道法诸经	黄帝太一八门入式秘诀	https://www.daorenjia.com/daozang25-1340	no
道法众术	道法诸经	黄帝太一八门逆顺生死诀	https://www.daorenjia.com/daozang25-1341	no
道法众术	道法诸经	太上赤文洞神三箓	https://www.daorenjia.com/daozang25-1342	no
道法众术	道法诸经	上清六甲祈祷秘法	https://www.daorenjia.com/daozang25-1343	no
道法众术	道法诸经	灵宝六丁秘法	https://www.daorenjia.com/daozang25-1344	no
道法众术	道法诸经	玄圃山灵（匚金）秘箓	https://www.daorenjia.com/daozang25-1345	no
道法众术	道法诸经	魁罡六锁秘法	https://www.daorenjia.com/daozang25-1346	no
道法众术	道法诸经	太上三辟五解秘法	https://www.daorenjia.com/daozang25-1347	no
道法众术	道法诸经	鬼谷子天髓灵文	https://www.daorenjia.com/daozang25-1348	no
道法众术	道法诸经	上清镇元荣灵经	https://www.daorenjia.com/daozang25-1349	no
道法众术	道法诸经	太上洞玄灵宝素灵真符	https://www.daorenjia.com/daozang25-1350	no
道法众术	道法诸经	元阳子五假论	https://www.daorenjia.com/daozang25-1351	no
道法众术	道法诸经	太上通灵八史圣文真形图	https://www.daorenjia.com/daozang25-1352	no
道法众术	道法诸经	太上通玄灵印经	https://www.daorenjia.com/daozang25-1353	no
道法众术	道法诸经	思印气诀法	https://www.daorenjia.com/daozang25-1354	no
道法众术	道法诸经	枕中经	https://www.daorenjia.com/daozang25-1355	yes
道法众术	道法诸经	太上除三尸九虫保生经	https://www.daorenjia.com/daozang25-1356	no
道法众术	道法诸经	太上秘法镇宅灵符	https://www.daorenjia.com/daozang25-1357	no
道法众术	道法诸经	太上老君混元三部符	https://www.daorenjia.com/daozang25-1358	no
道法众术	道法诸经	太上洞真经洞章符	https://www.daorenjia.com/daozang25-1359	no
道法众术	道法诸经	上清太一金阙玉玺金真纪	https://www.daorenjia.com/daozang25-1360	no
道法众术	道法诸经	灵书肘后钞	https://www.daorenjia.com/daozang25-1361	no
道法众术	道法诸经	三洞枢机杂说	https://www.daorenjia.com/daozang25-1362	no
道法众术	道法诸经	上清太渊神龙琼胎乘景上玄玉章	https://www.daorenjia.com/daozang25-1363	no
道法众术	道法诸经	北斗治法武威经	https://www.daorenjia.com/daozang25-1364	no
道法众术	道法诸经	天老神光经	https://www.daorenjia.com/daozang25-1365	no
道法众术	道法诸经	太上三元飞星冠禁金书玉箓图	https://www.daorenjia.com/daozang25-1366	no
道法众术	道法诸经	太上洞玄三洞开天风雷禹步制魔神咒经	https://www.daorenjia.com/daozang25-1367	no
道法众术	道法诸经	太上元阳上帝无始天尊说火车王灵官真经	https://www.daorenjia.com/daozang25-1368	yes
道法众术	道法诸经	太上说青玄雷令法行因地妙经	https://www.daorenjia.com/daozang25-1369	no
道法众术	道法诸经	太上三洞神咒	https://www.daorenjia.com/daozang25-1370	no
道法众术	道法诸经	太乙火府奏告祈禳仪	https://www.daorenjia.com/daozang25-1371	no
道法众术	道法诸经	太清玉司左院秘要上法	https://www.daorenjia.com/daozang25-1372	no
道法众术	道法诸经	太极祭炼内法	https://www.daorenjia.com/daozang25-1373	no
道法众术	道法诸经	贯斗忠孝五雷武侯秘法	https://www.daorenjia.com/daozang25-1374	no
